名字,材料,链接
脆皮豆腐,"葱花,玉米淀粉,鸡蛋,生抽,蚝油,老抽,白糖,",https://www.xiachufang.com//recipe/104643213/
这配方求你们去试试！比烤肉店还好吃！,"苹果,鸡翅,耗油,生抽,盐,蜂蜜,可乐,",https://www.xiachufang.com//recipe/106594124/
豆腐鲜虾菇菌汤,"鲜虾,西蓝花,豆腐,鸡蛋,蟹味菇,白玉菇,盐,料酒,姜,鸡精,",https://www.xiachufang.com//recipe/106181674/
千万不要学我这样烤红薯🍠一盆都不够吃❗️❗️,"红薯,鸡蛋,玉米淀粉,",https://www.xiachufang.com//recipe/106587129/
可爱到爆炸💥圣诞黄油曲奇❗️巨好吃❗️,"黄油,糖粉,全蛋液,低筋面粉,奶粉,可可粉,抹茶粉,杏仁,杏仁片,蔓越莓干,",https://www.xiachufang.com//recipe/106052230/
葱香焗鲈鱼,"鲈鱼,盐,小葱,小米辣,红葱头,蒜,姜,蚝油,芝麻油,黑胡椒,生抽,淀粉,花椒,",https://www.xiachufang.com//recipe/106494542/
【免费配方】最近在日本很火的一款舒芙蕾烫面海绵蛋糕,"低筋面粉,盐,黄油,牛奶,蛋黄,香草精,蛋清,柠檬,糖,",https://www.xiachufang.com//recipe/106436409/
芝士烤牛奶,"牛奶,蛋黄,玉米淀粉,白砂糖,芝士,",https://www.xiachufang.com//recipe/106409940/
排湿气大姨妈神器👑酒酿鸡蛋,"红糖,鸡蛋,",https://www.xiachufang.com//recipe/103862935/
娃娃菜粉丝煲，低卡又鲜美,"粉丝,娃娃菜,香肠,葱,蒜,生抽,耗油,盐,糖,鸡精,",https://www.xiachufang.com//recipe/106122555/
绝绝子～泰式酸辣虾,"大虾,香菜,洋葱,小米辣,柠檬,百香果,大蒜,生抽,醋,蚝油,柠檬汁,香油,糖,白芝麻,",https://www.xiachufang.com//recipe/106546324/
鱼香肉丝,"瘦肉,青椒,生抽,淀粉,食用油,盐,白糖,小葱,胡萝卜,黑木耳,料酒,老抽,醋,鸡精,蚝油,",https://www.xiachufang.com//recipe/106054748/
荷塘小炒（清爽又营养）,"藕,胡萝卜,荷兰豆,盐,蒜,",https://www.xiachufang.com//recipe/106176862/
葱油鲍鱼片,"鲍鱼,蒸鱼豉油,葱,",https://www.xiachufang.com//recipe/106531307/
香酥火腿肉松卷,"火腿肠,肉松,蛋黄液,黑芝麻,",https://www.xiachufang.com//recipe/105999414/
虾仁滑蛋,"鸡蛋,虾仁,料酒,盐,白胡椒粉,牛奶,",https://www.xiachufang.com//recipe/105816502/
绝绝子！甩饭店几条街的粉蒸肉（粉蒸排骨）,"料酒,老抽,蚝油,白胡椒粉,鸡精,郫县豆瓣酱,蒜瓣,",https://www.xiachufang.com//recipe/106525041/
好吃到舔手指的椒盐排骨,"猪肋排,蒜泥,料酒,耗油,老抽,生抽,黑胡椒,盐,糖,玉米淀粉,椒盐粉,",https://www.xiachufang.com//recipe/106545326/
6款酱汁🍯我愿称之为拯救水煮菜的魔法,,https://www.xiachufang.com//recipe/106460285/
让维c爆炸💥巨好喝的鲜橙柠檬茉莉绿茶,"青柠檬,清水,",https://www.xiachufang.com//recipe/106531046/
紫薯饼,"饺子皮,紫薯,牛奶,糖,",https://www.xiachufang.com//recipe/106504566/
鸡蛋水饼柔软劲道附细节视频详解,"鸡蛋,盐,面粉,水,葱花,",https://www.xiachufang.com//recipe/106421626/
每周两次的烤鲈鱼（烤箱版）,"鲈鱼,盐,姜,蒜,柠檬,油,",https://www.xiachufang.com//recipe/106250585/
好吃到舔盘的蒜香黑椒牛肉粒,"牛里脊,蒜头,生抽,玉米淀粉,白糖,蒜,盐,料酒,黄油,食用油,黑胡椒,",https://www.xiachufang.com//recipe/106502887/
家常豆腐,"老豆腐,木耳,杭椒,葱,蒜,生抽,老抽,蚝油,盐,水淀粉,",https://www.xiachufang.com//recipe/105969804/
