文档名字,文档链接
隆基股份关于部分闲置募集资金暂时补充流动资金提前还款的公告,http://static.cninfo.com.cn/finalpage/2021-12-01/1211742742.PDF
隆基股份关于签订重大销售合同的公告,http://static.cninfo.com.cn/finalpage/2021-11-24/1211683765.PDF
隆基股份关于控股股东股份质押的公告,http://static.cninfo.com.cn/finalpage/2021-11-06/1211508433.PDF
隆基股份关于韩华起诉公司专利侵权的进展公告,http://static.cninfo.com.cn/finalpage/2021-11-05/1211490073.PDF
隆基股份关于公开发行可转换公司债券申请获中国证监会发行审核委员会审核通过的公告,http://static.cninfo.com.cn/finalpage/2021-11-02/1211455987.PDF
隆基股份关于为全资子公司提供担保的公告,http://static.cninfo.com.cn/finalpage/2021-10-29/1211418246.PDF
隆基股份关于公开发行可转债发审委会议准备工作告知函回复的公告,http://static.cninfo.com.cn/finalpage/2021-10-21/1211336668.PDF
隆基股份：关于韩华起诉公司专利侵权的进展公告,http://static.cninfo.com.cn/finalpage/2021-10-08/1211209246.PDF
隆基股份关于控股股东股份解除质押的公告,http://static.cninfo.com.cn/finalpage/2021-09-30/1211179615.PDF
隆基股份关于控股股东股份质押的公告,http://static.cninfo.com.cn/finalpage/2021-09-28/1211163485.PDF
隆基股份关于为全资子公司提供担保的公告,http://static.cninfo.com.cn/finalpage/2021-09-25/1211143214.PDF
隆基股份关于公开发行可转换公司债券申请文件反馈意见的回复（修订稿),http://static.cninfo.com.cn/finalpage/2021-09-24/1211136005.PDF
隆基股份关于公开发行可转换公司债券申请文件反馈意见回复修订的公告,http://static.cninfo.com.cn/finalpage/2021-09-24/1211136004.PDF
隆基股份关于公开发行可转换公司债券申请文件反馈意见回复的公告,http://static.cninfo.com.cn/finalpage/2021-09-15/1211053678.PDF
隆基股份关于控股股东及其一致行动人股份质押变动的公告,http://static.cninfo.com.cn/finalpage/2021-09-11/1211007255.PDF
隆基股份2021年半年度募集资金存放与使用情况专项报告,http://static.cninfo.com.cn/finalpage/2021-08-31/1210927153.PDF
隆基股份：关于召开2021年半年度业绩说明会的公告,http://static.cninfo.com.cn/finalpage/2021-08-25/1210839962.PDF
隆基股份关于签订重大采购框架合同的公告,http://static.cninfo.com.cn/finalpage/2021-08-10/1210708930.PDF
隆基股份关于疫情防控期间参加2021年第二次临时股东大会相关事项的提示性公告,http://static.cninfo.com.cn/finalpage/2021-08-03/1210639406.PDF
隆基股份关于为子公司提供担保的公告,http://static.cninfo.com.cn/finalpage/2021-07-27/1210569974.PDF
隆基股份董事及高级管理人员集中竞价减持股份结果公告,http://static.cninfo.com.cn/finalpage/2021-07-13/1210464684.PDF
隆基股份关于为全资子公司提供担保的公告,http://static.cninfo.com.cn/finalpage/2021-07-13/1210464683.PDF
隆基股份关于向员工持股平台转让控股子公司股权暨关联交易的公告,http://static.cninfo.com.cn/finalpage/2021-07-09/1210442359.PDF
隆基股份关于公司董事、高级管理人员拟通过员工持股计划持有控股子公司股权的公告,http://static.cninfo.com.cn/finalpage/2021-07-09/1210442358.PDF
隆基股份关于拟与董事、高级管理人员共同投资成立合伙企业暨关联交易的公告,http://static.cninfo.com.cn/finalpage/2021-07-09/1210442355.PDF
隆基股份：关于董事会和监事会延期换届的提示性公告,http://static.cninfo.com.cn/finalpage/2021-06-30/1210363013.PDF
隆基股份：关于使用自有资金进行委托理财的进展公告,http://static.cninfo.com.cn/finalpage/2021-06-30/1210363012.PDF
隆基股份：关于为全资子公司提供担保的公告,http://static.cninfo.com.cn/finalpage/2021-06-29/1210353816.PDF
隆基股份关于为全资子公司提供担保的公告,http://static.cninfo.com.cn/finalpage/2021-06-23/1210310293.PDF
隆基股份关于增加供应链金融业务额度并为全资子公司提供担保的公告,http://static.cninfo.com.cn/finalpage/2021-06-23/1210310291.PDF
隆基股份关于云南和青海地震对公司影响的公告,http://static.cninfo.com.cn/finalpage/2021-05-25/1210068692.PDF
隆基股份前次募集资金使用情况鉴证报告,http://static.cninfo.com.cn/finalpage/2021-05-18/1209995858.PDF
隆基股份前次募集资金使用情况的报告,http://static.cninfo.com.cn/finalpage/2021-05-18/1209995857.PDF
隆基股份未来三年分红回报规划（2020年-2022年）,http://static.cninfo.com.cn/finalpage/2021-05-18/1209995855.PDF
隆基股份2021年度公开发行A股可转换公司债券预案,http://static.cninfo.com.cn/finalpage/2021-05-18/1209995851.PDF
隆基股份关于保障填补即期回报措施切实履行的承诺的公告,http://static.cninfo.com.cn/finalpage/2021-05-18/1209995849.PDF
隆基股份：关于参加2021年陕西辖区上市公司投资者集体接待日暨2020年度业绩说明会的公告,http://static.cninfo.com.cn/finalpage/2021-05-08/1209937125.PDF
隆基股份关于签订募集资金专户存储四方监管协议的公告,http://static.cninfo.com.cn/finalpage/2021-04-27/1209806132.PDF
关于协议受让森特股份股权过户完成的公告,http://static.cninfo.com.cn/finalpage/2021-04-23/1209768625.PDF
隆基股份关于变更注册资本及修订《公司章程》的公告,http://static.cninfo.com.cn/finalpage/2021-04-21/1209737384.PDF
隆基股份关于会计政策变更的公告,http://static.cninfo.com.cn/finalpage/2021-04-21/1209737383.PDF
隆基股份关于续聘会计师事务所的公告,http://static.cninfo.com.cn/finalpage/2021-04-21/1209737382.PDF
隆基股份2020年度募集资金存放与使用情况专项报告,http://static.cninfo.com.cn/finalpage/2021-04-21/1209737378.PDF
隆基股份2020年审计委员会履职报告,http://static.cninfo.com.cn/finalpage/2021-04-21/1209737372.PDF
隆基股份2020年度募集资金存放与实际使用情况专项报告及鉴证报告,http://static.cninfo.com.cn/finalpage/2021-04-21/1209737370.PDF
隆基股份2020年可持续发展报告,http://static.cninfo.com.cn/finalpage/2021-04-21/1209737369.PDF
隆基股份2020年内部控制评价报告,http://static.cninfo.com.cn/finalpage/2021-04-21/1209737368.PDF
隆基股份关于签订重大采购合同的公告,http://static.cninfo.com.cn/finalpage/2021-04-21/1209737362.PDF
隆基股份关于控股股东股份解除质押的公告,http://static.cninfo.com.cn/finalpage/2021-04-17/1209712196.PDF
隆基股份关于召开2020年度和2021年第一季度业绩说明会的公告,http://static.cninfo.com.cn/finalpage/2021-04-14/1209681018.PDF
隆基股份关于为全资子公司提供担保的公告,http://static.cninfo.com.cn/finalpage/2021-04-10/1209665348.PDF
隆基股份关于使用自有资金进行委托理财的进展公告,http://static.cninfo.com.cn/finalpage/2021-04-07/1209640840.PDF
联合资信评估股份有限公司关于终止“隆20转债”信用等级的公告,http://static.cninfo.com.cn/finalpage/2021-04-06/1209637634.PDF
隆基股份关于“隆20转债”赎回结果暨股份变动的公告,http://static.cninfo.com.cn/finalpage/2021-04-01/1209566401.PDF
隆基股份关于使用自有资金进行委托理财的进展公告,http://static.cninfo.com.cn/finalpage/2021-04-01/1209566400.PDF
隆基股份关于实施“隆20转债”赎回的第九次提示性公告,http://static.cninfo.com.cn/finalpage/2021-03-30/1209472777.PDF
隆基股份关于实施“隆20转债”赎回的第八次提示性公告,http://static.cninfo.com.cn/finalpage/2021-03-27/1209461714.PDF
隆基股份关于实施“隆20转债”赎回的第七次提示性公告,http://static.cninfo.com.cn/finalpage/2021-03-26/1209451016.PDF
隆基股份关于实施“隆20转债”赎回的第六次提示性公告,http://static.cninfo.com.cn/finalpage/2021-03-25/1209443544.PDF
隆基股份关于实施“隆20转债”赎回的第五次提示性公告,http://static.cninfo.com.cn/finalpage/2021-03-24/1209434643.PDF
隆基股份关于实施“隆20转债”赎回的第六次提示性公告,http://static.cninfo.com.cn/finalpage/2021-03-25/1209443544.PDF
隆基股份关于实施“隆20转债”赎回的第五次提示性公告,http://static.cninfo.com.cn/finalpage/2021-03-24/1209434643.PDF
隆基股份关于实施“隆20转债”赎回的第四次提示性公告,http://static.cninfo.com.cn/finalpage/2021-03-23/1209425181.PDF
隆基股份关于实施“隆20转债”赎回的第三次提示性公告,http://static.cninfo.com.cn/finalpage/2021-03-20/1209416394.PDF
隆基股份关于实施“隆20转债”赎回的第二次提示性公告,http://static.cninfo.com.cn/finalpage/2021-03-18/1209401021.PDF
隆基股份关于为子公司提供担保业务变更的公告,http://static.cninfo.com.cn/finalpage/2021-03-16/1209384287.PDF
隆基股份关于实施“隆20转债”赎回的第一次提示性公告,http://static.cninfo.com.cn/finalpage/2021-03-16/1209384286.PDF
隆基股份关于签订银川年产5GW单晶电池建设项目投资协议的公告,http://static.cninfo.com.cn/finalpage/2021-03-12/1209370698.PDF
隆基股份关于实施“隆20转债”赎回的公告,http://static.cninfo.com.cn/finalpage/2021-03-12/1209370697.PDF
隆基股份关于提前赎回“隆20转债”的提示性公告,http://static.cninfo.com.cn/finalpage/2021-03-06/1209345404.PDF
隆基股份关于收购森特股份股权的提示性公告,http://static.cninfo.com.cn/finalpage/2021-03-05/1209338278.PDF
隆基股份关于为全资子公司提供担保的公告,http://static.cninfo.com.cn/finalpage/2021-02-27/1209309575.PDF
隆基股份关于“隆20转债”可能满足赎回条件的提示性公告,http://static.cninfo.com.cn/finalpage/2021-02-27/1209309574.PDF
隆基股份关于签订重大采购合同的公告,http://static.cninfo.com.cn/finalpage/2021-02-09/1209258616.PDF
隆基股份关于签订战略合作协议暨重大采购合同补充协议的公告,http://static.cninfo.com.cn/finalpage/2021-02-09/1209258615.PDF
隆基股份关于股东协议转让公司股份过户完成的公告,http://static.cninfo.com.cn/finalpage/2021-02-06/1209251935.PDF
隆基股份关于签订重大采购合同的公告,http://static.cninfo.com.cn/finalpage/2021-02-03/1209232554.PDF
关于为全资子公司提供担保的公告,http://static.cninfo.com.cn/finalpage/2021-01-26/1209187363.PDF
关于签订西咸新区年产15GW单晶电池建设项目投资协议的公告,http://static.cninfo.com.cn/finalpage/2021-01-19/1209134311.PDF
关于控股股东股份解除质押的公告,http://static.cninfo.com.cn/finalpage/2021-01-15/1209105819.PDF
关于控股股东股份解除质押的公告,http://static.cninfo.com.cn/finalpage/2021-01-08/1209063489.PDF
关于使用自有资金进行委托理财的进展公告,http://static.cninfo.com.cn/finalpage/2021-01-07/1209057200.PDF
关于控股股东股份解除质押的公告,http://static.cninfo.com.cn/finalpage/2021-01-04/1209034024.PDF
关于使用自有资金进行委托理财的进展公告,http://static.cninfo.com.cn/finalpage/2021-01-04/1209034023.PDF
关于控股股东股份质押的公告,http://static.cninfo.com.cn/finalpage/2020-12-26/1208994375.PDF
关于股东股份解除质押的公告,http://static.cninfo.com.cn/finalpage/2020-12-26/1208994374.PDF
关于2018年度配股募集资金投资项目结项并将结余募集资金用于新建项目以及永久补充流动资金的公告,http://static.cninfo.com.cn/finalpage/2020-12-25/1208980098.PDF
关于为全资子公司提供担保的公告,http://static.cninfo.com.cn/finalpage/2020-12-25/1208980096.PDF
关于2021年新增融资类担保预计的公告,http://static.cninfo.com.cn/finalpage/2020-12-25/1208980095.PDF
关于投资建设宁夏乐叶年产3GW单晶电池项目的公告,http://static.cninfo.com.cn/finalpage/2020-12-25/1208980094.PDF
关于变更注册资本及修订《公司章程》的公告,http://static.cninfo.com.cn/finalpage/2020-12-25/1208980089.PDF
关于预计2021年使用自有资金进行委托理财的公告,http://static.cninfo.com.cn/finalpage/2020-12-25/1208980088.PDF
关于2021年开展外汇衍生品交易的公告,http://static.cninfo.com.cn/finalpage/2020-12-25/1208980087.PDF
关于预计2021年日常关联交易的公告,http://static.cninfo.com.cn/finalpage/2020-12-25/1208980086.PDF
关于2021年新增履约类担保预计的公告,http://static.cninfo.com.cn/finalpage/2020-12-25/1208980085.PDF
关于控股股东股份质押的公告,http://static.cninfo.com.cn/finalpage/2020-12-16/1208911051.PDF
关于签订重大采购合同的公告,http://static.cninfo.com.cn/finalpage/2020-12-15/1208900476.PDF
关于为全资子公司提供担保的公告,http://static.cninfo.com.cn/finalpage/2020-12-15/1208900474.PDF
关于控股股东股份解除质押的公告,http://static.cninfo.com.cn/finalpage/2020-12-12/1208894610.PDF
关于签订曲靖（一期）年产10GW单晶电池建设项目投资协议的公告,http://static.cninfo.com.cn/finalpage/2020-11-20/1208769078.PDF
关于控股股东股份解除质押的公告,http://static.cninfo.com.cn/finalpage/2020-11-10/1208713301.PDF
关于为全资子公司提供担保的公告,http://static.cninfo.com.cn/finalpage/2020-10-31/1208663508.PDF
关于开立募集资金现金管理专用结算账户的公告,http://static.cninfo.com.cn/finalpage/2020-10-15/1208562150.PDF
关于控股股东股份解除质押的公告,http://static.cninfo.com.cn/finalpage/2020-10-14/1208549092.PDF
关于为全资子公司提供担保的公告,http://static.cninfo.com.cn/finalpage/2020-10-14/1208549091.PDF
关于使用自有资金进行委托理财的进展公告,http://static.cninfo.com.cn/finalpage/2020-10-13/1208537382.PDF
关于公司办公地址变更及新增投资者热线的公告,http://static.cninfo.com.cn/finalpage/2020-10-13/1208537381.PDF
关于控股股东股份解除质押的公告,http://static.cninfo.com.cn/finalpage/2020-10-09/1208521040.PDF
关于使用自有资金进行委托理财的进展公告,http://static.cninfo.com.cn/finalpage/2020-10-09/1208521039.PDF
关于控股股东股份质押的公告,http://static.cninfo.com.cn/finalpage/2020-09-30/1208512088.PDF
关于与通威股份有限公司签订战略合作协议的进展公告,http://static.cninfo.com.cn/finalpage/2020-09-26/1208496278.PDF
关于签订曲靖（二期）年产20GW单晶硅棒和硅片项目投资协议的公告,http://static.cninfo.com.cn/finalpage/2020-09-23/1208473099.PDF
关于签订丽江（三期）年产10GW单晶硅棒建设项目投资协议的公告,http://static.cninfo.com.cn/finalpage/2020-09-22/1208464194.PDF
关于重大销售合同进展的公告,http://static.cninfo.com.cn/finalpage/2020-09-11/1208423774.PDF
关于控股股东股份质押变动的公告,http://static.cninfo.com.cn/finalpage/2020-09-05/1208399212.PDF
关于以募集资金置换预先已投入募投项目自有资金的公告,http://static.cninfo.com.cn/finalpage/2020-08-28/1208274561.PDF
关于使用银行承兑汇票支付募投项目款项并以募集资金等额置换的公告,http://static.cninfo.com.cn/finalpage/2020-08-28/1208274556.PDF
2020年半年度募集资金存放与使用情况专项报告,http://static.cninfo.com.cn/finalpage/2020-08-28/1208274555.PDF
关于为全资子公司提供担保的公告,http://static.cninfo.com.cn/finalpage/2020-08-28/1208274550.PDF
关于开立募集资金现金管理专用结算账户并使用部分闲置募集资金进行现金管理的公告,http://static.cninfo.com.cn/finalpage/2020-08-28/1208274545.PDF
关于向子公司增资及实缴注册资本的公告,http://static.cninfo.com.cn/finalpage/2020-08-15/1208176729.PDF
关于签订募集资金专户存储三方及四方监管协议的公告,http://static.cninfo.com.cn/finalpage/2020-08-15/1208176727.PDF
关于为全资子公司提供担保的公告,http://static.cninfo.com.cn/finalpage/2020-08-08/1208141447.PDF
关于签订重大采购合同的公告,http://static.cninfo.com.cn/finalpage/2020-08-03/1208116321.PDF
关于控股股东股份质押的公告,http://static.cninfo.com.cn/finalpage/2020-07-28/1208078855.PDF
关于控股股东及其一致行动人股份质押变动的公告,http://static.cninfo.com.cn/finalpage/2020-07-17/1208039087.PDF
关于为全资子公司提供担保的公告,http://static.cninfo.com.cn/finalpage/2020-07-14/1208026898.PDF
关于控股股东股份质押的公告,http://static.cninfo.com.cn/finalpage/2020-07-10/1208018632.PDF
关于韩华起诉公司专利侵权的进展公告,http://static.cninfo.com.cn/finalpage/2020-07-09/1208015085.PDF
关于使用自有资金进行委托理财的进展公告,http://static.cninfo.com.cn/finalpage/2020-07-02/1207991081.PDF
关于收购股权的进展公告,http://static.cninfo.com.cn/finalpage/2020-07-01/1207976963.PDF
关于使用自有资金进行委托理财的进展公告,http://static.cninfo.com.cn/finalpage/2020-07-01/1207976962.PDF
关于募集资金投资项目结项的公告,http://static.cninfo.com.cn/finalpage/2020-06-23/1207948766.PDF
关于为全资子公司提供担保的公告,http://static.cninfo.com.cn/finalpage/2020-06-23/1207948765.PDF
关于韩华起诉公司专利侵权的进展公告,http://static.cninfo.com.cn/finalpage/2020-06-20/1207944872.PDF
关于控股股东股份质押延期购回的公告,http://static.cninfo.com.cn/finalpage/2020-06-13/1207922049.PDF
董事及高级管理人员集中竞价减持股份结果公告,http://static.cninfo.com.cn/finalpage/2020-06-13/1207922048.PDF
关于为全资子公司提供担保的公告,http://static.cninfo.com.cn/finalpage/2020-06-06/1207900405.PDF
关于韩华起诉公司专利侵权的进展公告,http://static.cninfo.com.cn/finalpage/2020-06-05/1207897171.PDF
关于公开发行可转换公司债券申请获中国证监会发行审核委员会审核通过的公告,http://static.cninfo.com.cn/finalpage/2020-05-30/1207875180.PDF
关于投资建设曲靖年产10GW单晶硅棒和硅片建设项目的公告,http://static.cninfo.com.cn/finalpage/2020-05-29/1207871443.PDF
关于为全资子公司提供担保的公告,http://static.cninfo.com.cn/finalpage/2020-05-29/1207871442.PDF
关于完成工商变更登记的公告,http://static.cninfo.com.cn/finalpage/2020-05-20/1207829357.PDF
关于开立募集资金现金管理专用结算账户的公告,http://static.cninfo.com.cn/finalpage/2020-05-06/1207702635.PDF
2019年审计委员会履职报告,http://static.cninfo.com.cn/finalpage/2020-04-23/1207555567.PDF
2019年社会责任报告,http://static.cninfo.com.cn/finalpage/2020-04-23/1207555565.PDF
2019年内部控制评价报告,http://static.cninfo.com.cn/finalpage/2020-04-23/1207555564.PDF
关于开立募集资金现金管理专用结算账户并使用部分募集资金进行现金管理的公告,http://static.cninfo.com.cn/finalpage/2020-04-23/1207555560.PDF
前次募集资金使用情况报告及鉴证报告,http://static.cninfo.com.cn/finalpage/2020-04-23/1207555557.PDF
关于前次募集资金使用情况的报告,http://static.cninfo.com.cn/finalpage/2020-04-23/1207555556.PDF
前次募集资金使用情况报告及鉴证报告,http://static.cninfo.com.cn/finalpage/2020-04-23/1207555557.PDF
关于前次募集资金使用情况的报告,http://static.cninfo.com.cn/finalpage/2020-04-23/1207555556.PDF
关于为全资子公司提供担保的公告,http://static.cninfo.com.cn/finalpage/2020-04-23/1207555555.PDF
关于2020年新增履约类担保额度预计的公告,http://static.cninfo.com.cn/finalpage/2020-04-23/1207555554.PDF
关于会计政策变更的公告,http://static.cninfo.com.cn/finalpage/2020-04-23/1207555553.PDF
关于续聘会计师事务所的公告,http://static.cninfo.com.cn/finalpage/2020-04-23/1207555549.PDF
2019年度募集资金存放与使用情况专项报告,http://static.cninfo.com.cn/finalpage/2020-04-23/1207555545.PDF
关于业绩说明会预告的更正公告,http://static.cninfo.com.cn/finalpage/2020-04-22/1207547930.PDF
关于召开2019年度和2020年第一季度业绩说明会并征求问题的公告,http://static.cninfo.com.cn/finalpage/2020-04-21/1207537698.PDF
2020年第一季度业绩预告,http://static.cninfo.com.cn/finalpage/2020-04-17/1207516874.PDF
关于韩华起诉公司专利侵权的进展公告,http://static.cninfo.com.cn/finalpage/2020-04-14/1207490007.PDF
关于股东股份解除质押的公告,http://static.cninfo.com.cn/finalpage/2020-04-07/1207457176.PDF
关于使用自有资金进行委托理财的进展公告,http://static.cninfo.com.cn/finalpage/2020-04-03/1207451165.PDF
关于股东股份质押的公告,http://static.cninfo.com.cn/finalpage/2020-04-02/1207446356.PDF
关于使用自有资金进行委托理财的进展公告,http://static.cninfo.com.cn/finalpage/2020-04-02/1207446355.PDF
关于投资建设腾冲年产10GW单晶硅棒项目的公告,http://static.cninfo.com.cn/finalpage/2020-03-24/1207393110.PDF
关于投资建设嘉兴年产5GW单晶组件项目的公告,http://static.cninfo.com.cn/finalpage/2020-03-24/1207393109.PDF
关于投资建设西安航天基地一期年产7.5GW单晶电池项目的公告,http://static.cninfo.com.cn/finalpage/2020-03-24/1207393108.PDF
关于收到《中国证监会行政许可项目审查一次反馈意见通知书》的公告,http://static.cninfo.com.cn/finalpage/2020-03-19/1207382788.PDF
关于为全资子公司提供担保的公告,http://static.cninfo.com.cn/finalpage/2020-03-12/1207363970.PDF
关于控股股东股份质押延期购回的公告,http://static.cninfo.com.cn/finalpage/2020-03-05/1207344224.PDF
关于签订西安年产10GW单晶电池及配套中试项目投资协议的公告,http://static.cninfo.com.cn/finalpage/2020-02-13/1207303489.PDF
关于签订重大销售合同的公告,http://static.cninfo.com.cn/finalpage/2020-01-23/1207280554.PDF
关于全资子公司诉讼进展的公告,http://static.cninfo.com.cn/finalpage/2020-01-21/1207269410.PDF
关于签订重大销售合同的公告,http://static.cninfo.com.cn/finalpage/2020-01-11/1207240279.PDF
关于为全资子公司提供担保的公告,http://static.cninfo.com.cn/finalpage/2020-01-10/1207237437.PDF
关于使用自有资金进行委托理财的进展公告,http://static.cninfo.com.cn/finalpage/2020-01-04/1207221180.PDF
关于签订楚雄年产20GW单晶硅片建设项目投资协议的公告,http://static.cninfo.com.cn/finalpage/2020-01-03/1207217868.PDF
关于预计2020年度使用自有资金进行委托理财的公告,http://static.cninfo.com.cn/finalpage/2020-01-02/1207214263.PDF
关于新增2019年日常关联交易预计的公告,http://static.cninfo.com.cn/finalpage/2019-12-20/1207178945.PDF
关于预计2020年日常关联交易的公告,http://static.cninfo.com.cn/finalpage/2019-12-20/1207178943.PDF
关于2020年新增担保额度预计的公告,http://static.cninfo.com.cn/finalpage/2019-12-20/1207178942.PDF
关于开展外汇衍生品交易的公告,http://static.cninfo.com.cn/finalpage/2019-12-20/1207178941.PDF
关于变更注册资本及修订《公司章程》的公告,http://static.cninfo.com.cn/finalpage/2019-12-20/1207178940.PDF
关于为控股子公司提供担保的公告,http://static.cninfo.com.cn/finalpage/2019-12-07/1207143778.PDF
关于签订曲靖年产10GW单晶硅棒和硅片建设项目投资协议的公告,http://static.cninfo.com.cn/finalpage/2019-12-07/1207143777.PDF
关于大股东部分股份质押解除的公告,http://static.cninfo.com.cn/finalpage/2019-12-04/1207133576.PDF
关于与印度Adani公司签订组件销售框架协议的公告,http://static.cninfo.com.cn/finalpage/2019-11-30/1207124531.PDF
关于签订腾冲年产10GW单晶硅棒建设项目投资协议的公告,http://static.cninfo.com.cn/finalpage/2019-11-26/1207112319.PDF
关于为全资子公司提供担保的公告,http://static.cninfo.com.cn/finalpage/2019-11-23/1207109765.PDF
关于为全资子公司提供担保的公告,http://static.cninfo.com.cn/finalpage/2019-11-13/1207085378.PDF
关于控股股东部分股份质押解除的公告,http://static.cninfo.com.cn/finalpage/2019-11-09/1207076548.PDF
关于签订嘉兴年产5GW单晶组件项目投资协议的公告,http://static.cninfo.com.cn/finalpage/2019-10-31/1207046859.PDF
关于前次募集资金使用情况的报告,http://static.cninfo.com.cn/finalpage/2019-10-24/1207008389.PDF
关于前次募集资金使用情况的鉴证报告,http://static.cninfo.com.cn/finalpage/2019-10-24/1207008388.PDF
未来三年分红回报规划（2019年-2021年）,http://static.cninfo.com.cn/finalpage/2019-10-24/1207008386.PDF
关于2019年度公开发行可转换公司债券募集资金运用的可行性分析报告,http://static.cninfo.com.cn/finalpage/2019-10-24/1207008381.PDF
关于保障填补即期回报措施切实履行的承诺的公告,http://static.cninfo.com.cn/finalpage/2019-10-24/1207008380.PDF
关于为全资子公司提供担保的公告,http://static.cninfo.com.cn/finalpage/2019-10-24/1207008379.PDF
关于投资建设滁州二期年产5GW单晶组件项目的公告,http://static.cninfo.com.cn/finalpage/2019-10-15/1206980341.PDF
关于投资建设咸阳年产5GW单晶组件项目的公告,http://static.cninfo.com.cn/finalpage/2019-10-15/1206980340.PDF
关于投资建设西安泾渭新城年产5GW单晶电池项目的公告,http://static.cninfo.com.cn/finalpage/2019-10-15/1206980339.PDF
关于为全资子公司提供担保的公告,http://static.cninfo.com.cn/finalpage/2019-10-01/1206961569.PDF
关于诉讼事项的公告,http://static.cninfo.com.cn/finalpage/2019-09-19/1206932875.PDF
关于签订重大销售合同的公告,http://static.cninfo.com.cn/finalpage/2019-09-17/1206925877.PDF
关于签订重大销售合同的公告,http://static.cninfo.com.cn/finalpage/2019-09-10/1206911032.PDF
关于会计政策变更的公告,http://static.cninfo.com.cn/finalpage/2019-08-29/1206660069.PDF
关于控股股东部分股份质押解除的公告,http://static.cninfo.com.cn/finalpage/2019-08-29/1206660067.PDF
2019年半年度募集资金存放与使用情况专项报告,http://static.cninfo.com.cn/finalpage/2019-08-29/1206659588.PDF
关于2019年新增日常关联交易的公告,http://static.cninfo.com.cn/finalpage/2019-08-29/1206659587.PDF
关于投资建设银川年产15GW单晶硅棒硅片项目的公告,http://static.cninfo.com.cn/finalpage/2019-08-29/1206659585.PDF
关于投资建设泰州年产5GW单晶组件项目的公告,http://static.cninfo.com.cn/finalpage/2019-08-29/1206659584.PDF
关于控股股东股份质押延期购回的公告,http://static.cninfo.com.cn/finalpage/2019-08-23/1206556882.PDF
关于签订重大销售合同的公告,http://static.cninfo.com.cn/finalpage/2019-08-10/1206508002.PDF
关于签订重大采购合同的公告,http://static.cninfo.com.cn/finalpage/2019-08-08/1206503877.PDF
关于调整2019年度使用自有资金进行委托理财额度的公告,http://static.cninfo.com.cn/finalpage/2019-07-30/1206480362.PDF
关于开展供应链金融业务及对全资子公司提供担保的公告,http://static.cninfo.com.cn/finalpage/2019-07-30/1206480361.PDF
关于变更会计师事务所的公告,http://static.cninfo.com.cn/finalpage/2019-07-30/1206480359.PDF
关于签订重大采购合同的公告,http://static.cninfo.com.cn/finalpage/2019-07-23/1206468115.PDF
关于为全资子公司提供担保的公告,http://static.cninfo.com.cn/finalpage/2019-07-17/1206452177.PDF
关于签订重大销售合同的公告,http://static.cninfo.com.cn/finalpage/2019-07-17/1206452173.PDF
关于签订重大采购合同的公告,http://static.cninfo.com.cn/finalpage/2019-07-04/1206421688.PDF
关于签订咸阳年产5GW单晶组件项目投资协议的公告,http://static.cninfo.com.cn/finalpage/2019-06-29/1206407450.PDF
关于部分闲置募集资金暂时补充流动资金提前还款的公告,http://static.cninfo.com.cn/finalpage/2019-06-29/1206407449.PDF
关于股东股份质押的公告,http://static.cninfo.com.cn/finalpage/2019-06-27/1206398977.PDF
公开发行可转换公司债券2019年跟踪评级报告,http://static.cninfo.com.cn/finalpage/2019-06-21/1206375354.PDF
关于控股股东股份质押延期购回的公告,http://static.cninfo.com.cn/finalpage/2019-06-15/1206354025.PDF
关于签订泰州年产5GW单晶组件项目投资协议的公告,http://static.cninfo.com.cn/finalpage/2019-06-15/1206354024.PDF
关于为全资子公司提供担保的公告,http://static.cninfo.com.cn/finalpage/2019-06-05/1206333112.PDF
关于以募集资金置换预先已投入募投项目自有资金的公告,http://static.cninfo.com.cn/finalpage/2019-06-05/1206333110.PDF
关于投资建设古晋年产1.25GW单晶电池项目的公告,http://static.cninfo.com.cn/finalpage/2019-06-05/1206333106.PDF
关于变更注册资本及修订《公司章程》的公告,http://static.cninfo.com.cn/finalpage/2019-06-05/1206333105.PDF
关于与通威股份有限公司签订战略合作协议的公告,http://static.cninfo.com.cn/finalpage/2019-06-04/1206325369.PDF
关于参加2019年陕西辖区上市公司集体接待日活动的公告,http://static.cninfo.com.cn/finalpage/2019-05-31/1206320396.PDF
关于董事辞职的公告,http://static.cninfo.com.cn/finalpage/2019-05-28/1206309056.PDF
关于控股股东股份质押的公告,http://static.cninfo.com.cn/finalpage/2019-05-27/1206306627.PDF
关于使用银行承兑汇票支付募投项目款项并以募集资金等额置换的公告,http://static.cninfo.com.cn/finalpage/2019-05-23/1206295801.PDF
关于为全资子公司提供担保的公告,http://static.cninfo.com.cn/finalpage/2019-05-23/1206295797.PDF
关于签订重大采购合同的公告,http://static.cninfo.com.cn/finalpage/2019-05-16/1206271777.PDF
关于签订募集资金专户存储三方及四方监管协议的公告,http://static.cninfo.com.cn/finalpage/2019-05-08/1206236349.PDF
2018年度内部控制评价报告,http://static.cninfo.com.cn/finalpage/2019-04-30/1206158845.PDF
2018年审计委员会履职报告,http://static.cninfo.com.cn/finalpage/2019-04-30/1206158841.PDF
2018年度募集资金存放与使用情况专项报告,http://static.cninfo.com.cn/finalpage/2019-04-30/1206158838.PDF
关于制订未来三年（2019-2021）产品产能规划的公告,http://static.cninfo.com.cn/finalpage/2019-04-30/1206158837.PDF
关于会计政策变更的公告,http://static.cninfo.com.cn/finalpage/2019-04-30/1206158827.PDF
关于开展外汇衍生品交易的公告,http://static.cninfo.com.cn/finalpage/2019-04-30/1206158824.PDF
关于向子公司增资的公告,http://static.cninfo.com.cn/finalpage/2019-04-30/1206158818.PDF
关于签订银川年产15GW单晶硅棒和硅片及3GW单晶电池建设项目投资协议的公告,http://static.cninfo.com.cn/finalpage/2019-04-17/1206042053.PDF
关于为全资子公司提供担保的公告,http://static.cninfo.com.cn/finalpage/2019-04-16/1206022227.PDF
关于股东股份质押的公告,http://static.cninfo.com.cn/finalpage/2019-04-15/1206017266.PDF
关于控股股东股份质押的公告,http://static.cninfo.com.cn/finalpage/2019-04-01/1205976596.PDF
关于为全资子公司提供担保的公告,http://static.cninfo.com.cn/finalpage/2019-03-27/1205942632.PDF
关于配股发行期间转股连续停牌的提示性公告,http://static.cninfo.com.cn/finalpage/2019-03-26/1205938705.PDF
关于公司联系邮箱及传真变更的公告,http://static.cninfo.com.cn/finalpage/2019-03-26/1205937053.PDF
关于为全资子公司提供担保的公告,http://static.cninfo.com.cn/finalpage/2019-03-13/1205894767.PDF
关于韩华起诉公司专利权的进展公告,http://static.cninfo.com.cn/finalpage/2019-03-12/1205893377.PDF
关于控股股东股份质押解除的公告,http://static.cninfo.com.cn/finalpage/2019-03-07/1205880770.PDF
关于控股股东股份质押延期购回的公告,http://static.cninfo.com.cn/finalpage/2019-03-02/1205869908.PDF
关于投资建设古晋年产1GW单晶电池项目的公告,http://static.cninfo.com.cn/finalpage/2019-02-23/1205847097.PDF
关于投资建设云南单晶硅棒和硅片二期项目的公告,http://static.cninfo.com.cn/finalpage/2019-02-23/1205847096.PDF
关于为全资子公司提供担保的公告,http://static.cninfo.com.cn/finalpage/2019-02-23/1205847095.PDF
关于完成工商变更登记的公告,http://static.cninfo.com.cn/finalpage/2019-02-21/1205843203.PDF
关于控股股东股份质押解除的公告,http://static.cninfo.com.cn/finalpage/2019-02-19/1205839860.PDF
关于为全资子公司提供担保的公告,http://static.cninfo.com.cn/finalpage/2019-01-12/1205763600.PDF
可转债转股结果暨股份变动公告,http://static.cninfo.com.cn/finalpage/2019-01-03/1205705287.PDF
关于为全资子公司提供担保的公告,http://static.cninfo.com.cn/finalpage/2018-12-29/1205700628.PDF
关于2019年度使用自有资金进行委托理财的公告,http://static.cninfo.com.cn/finalpage/2018-12-29/1205700622.PDF
关于预计2019年日常关联交易的公告,http://static.cninfo.com.cn/finalpage/2018-12-18/1205674407.PDF
关于2019年度控股股东及其一致行动人为公司及子公司提供关联担保预计的公告,http://static.cninfo.com.cn/finalpage/2018-12-11/1205661528.PDF
关于2019年新增担保额度预计及授权的公告,http://static.cninfo.com.cn/finalpage/2018-12-11/1205661525.PDF
关于2019年度控股股东及其一致行动人为公司及子公司提供关联担保预计的公告,http://static.cninfo.com.cn/finalpage/2018-12-11/1205661528.PDF
关于2019年新增担保额度预计及授权的公告,http://static.cninfo.com.cn/finalpage/2018-12-11/1205661525.PDF
关于募集资金投资项目结项的公告,http://static.cninfo.com.cn/finalpage/2018-11-29/1205635546.PDF
关于为全资子公司提供担保的公告,http://static.cninfo.com.cn/finalpage/2018-11-28/1205633704.PDF
关于变更注册资本及修订《公司章程》的公告,http://static.cninfo.com.cn/finalpage/2018-11-28/1205633703.PDF
关于为全资子公司提供担保的公告,http://static.cninfo.com.cn/finalpage/2018-10-31/1205562028.PDF
关于完成工商变更登记的公告,http://static.cninfo.com.cn/finalpage/2018-10-09/1205486789.PDF
关于股东股份质押的公告,http://static.cninfo.com.cn/finalpage/2018-09-29/1205477395.PDF
关于为全资子公司提供担保的公告,http://static.cninfo.com.cn/finalpage/2018-09-22/1205461406.PDF
关于全资子公司签订年产5GW高效单晶电池项目投资协议的公告,http://static.cninfo.com.cn/finalpage/2018-09-15/1205436264.PDF
关于控股股东股份解除质押的公告,http://static.cninfo.com.cn/finalpage/2018-09-04/1205369998.PDF
2018年半年度募集资金存放与使用情况专项报告,http://static.cninfo.com.cn/finalpage/2018-08-31/1205362584.PDF
关于使用部分闲置募集资金暂时补充流动资金的公告,http://static.cninfo.com.cn/finalpage/2018-08-31/1205362583.PDF
关于为全资子公司提供担保的公告,http://static.cninfo.com.cn/finalpage/2018-08-31/1205362581.PDF
关于控股股东股份质押的公告,http://static.cninfo.com.cn/finalpage/2018-08-30/1205358382.PDF
关于控股股东股份解除质押的公告,http://static.cninfo.com.cn/finalpage/2018-08-24/1205320392.PDF
关于控股股东股份质押的公告,http://static.cninfo.com.cn/finalpage/2018-08-22/1205313394.PDF
关于保障填补即期回报措施切实履行的承诺的公告,http://static.cninfo.com.cn/finalpage/2018-08-04/1205258072.PDF
关于控股股东、实际控制人及其一致行动人承诺认购配股股票的公告,http://static.cninfo.com.cn/finalpage/2018-08-04/1205258071.PDF
关于变更注册资本并修订《公司章程》的公告,http://static.cninfo.com.cn/finalpage/2018-08-04/1205258066.PDF
关于投资建设银川年产5GW高效单晶电池项目的公告,http://static.cninfo.com.cn/finalpage/2018-08-04/1205258061.PDF
2018年度配股公开发行证券募集资金使用的可行性分析报告,http://static.cninfo.com.cn/finalpage/2018-08-04/1205258059.PDF
关于前次募集资金使用情况的报告,http://static.cninfo.com.cn/finalpage/2018-08-04/1205258055.PDF
关于签订重大采购合同的公告,http://static.cninfo.com.cn/finalpage/2018-07-28/1205235981.PDF
关于控股股东股份解除质押及延期质押的公告,http://static.cninfo.com.cn/finalpage/2018-07-21/1205218457.PDF
关于签订重大销售合同的公告,http://static.cninfo.com.cn/finalpage/2018-07-19/1205195401.PDF
关于为全资子公司提供担保的公告,http://static.cninfo.com.cn/finalpage/2018-07-14/1205152780.PDF
关于公司与投资基金合作的进展公告,http://static.cninfo.com.cn/finalpage/2018-07-12/1205141164.PDF
关于全资子公司228MW光伏发电项目并网的公告,http://static.cninfo.com.cn/finalpage/2018-07-11/1205138674.PDF
关于职工代表监事换届选举的公告,http://static.cninfo.com.cn/finalpage/2018-06-30/1205109158.PDF
关于股东股份解除质押的公告,http://static.cninfo.com.cn/finalpage/2018-06-23/1205085099.PDF
关于控股股东股份延期质押的公告,http://static.cninfo.com.cn/finalpage/2018-06-23/1205085098.PDF
关于公司与投资基金合作的进展公告,http://static.cninfo.com.cn/finalpage/2018-06-23/1205085097.PDF
独立董事提名人声明（田高良）,http://static.cninfo.com.cn/finalpage/2018-06-16/1205063434.PDF
独立董事提名人声明（李寿双）,http://static.cninfo.com.cn/finalpage/2018-06-16/1205063303.PDF
独立董事提名人声明（郭菊娥）,http://static.cninfo.com.cn/finalpage/2018-06-16/1205063302.PDF
独立董事候选人声明（田高良）,http://static.cninfo.com.cn/finalpage/2018-06-16/1205063301.PDF
独立董事候选人声明（李寿双）,http://static.cninfo.com.cn/finalpage/2018-06-16/1205063300.PDF
独立董事候选人声明（郭菊娥）,http://static.cninfo.com.cn/finalpage/2018-06-16/1205063299.PDF
关于为全资子公司提供担保的公告,http://static.cninfo.com.cn/finalpage/2018-06-16/1205063297.PDF
关于调整2018年度新增担保预计额度和范围的公告,http://static.cninfo.com.cn/finalpage/2018-06-16/1205063296.PDF
关于中标光伏技术领跑者项目的公告,http://static.cninfo.com.cn/finalpage/2018-06-12/1205054047.PDF
关于为全资子公司提供担保的公告,http://static.cninfo.com.cn/finalpage/2018-06-09/1205048957.PDF
关于控股股东增持计划的补充公告,http://static.cninfo.com.cn/finalpage/2018-06-08/1205044567.PDF
关于募集资金投资项目结项并将结余募集资金永久补充流动资金的公告,http://static.cninfo.com.cn/finalpage/2018-05-29/1205010336.PDF
关于签订重大采购合同的公告,http://static.cninfo.com.cn/finalpage/2018-05-23/1204982525.PDF
关于参加2018年陕西辖区上市公司集体接待日活动的公告,http://static.cninfo.com.cn/finalpage/2018-05-19/1204973339.PDF
关于控股股东股份解除质押的公告,http://static.cninfo.com.cn/finalpage/2018-05-15/1204942977.PDF
关于为子公司提供担保的公告,http://static.cninfo.com.cn/finalpage/2018-05-09/1204920493.PDF
关于为全资子公司提供担保的公告,http://static.cninfo.com.cn/finalpage/2018-04-26/1204788911.PDF
关于完成工商变更登记的公告,http://static.cninfo.com.cn/finalpage/2018-04-25/1204735420.PDF
关于公司签订楚雄年产10GW单晶硅片建设项目投资协议的公告,http://static.cninfo.com.cn/finalpage/2018-04-16/1204629359.PDF
关于公司签订丽江年产6GW单晶硅棒建设项目投资协议的公告,http://static.cninfo.com.cn/finalpage/2018-04-05/1204589896.PDF
关于签订重大采购合同的公告,http://static.cninfo.com.cn/finalpage/2018-04-03/1204575377.PDF
关于部分闲置募集资金暂时补充流动资金到期还款的公告,http://static.cninfo.com.cn/finalpage/2018-03-31/1204558969.PDF
关于2017年度网络业绩说明会预告的公告,http://static.cninfo.com.cn/finalpage/2018-03-31/1204558968.PDF
2017年度内部控制评价报告,http://static.cninfo.com.cn/finalpage/2018-03-29/1204534937.PDF
2017年度社会责任报告,http://static.cninfo.com.cn/finalpage/2018-03-29/1204534936.PDF
2017年审计委员会履职报告,http://static.cninfo.com.cn/finalpage/2018-03-29/1204534932.PDF
2017年度募集资金存放与实际使用情况专项报告,http://static.cninfo.com.cn/finalpage/2018-03-29/1204534930.PDF
关于子公司投资建设灵武马家滩228MW光伏发电项目的公告,http://static.cninfo.com.cn/finalpage/2018-03-24/1204510795.PDF
关于为全资子公司提供担保的公告,http://static.cninfo.com.cn/finalpage/2018-03-24/1204510794.PDF
关于为全资子公司提供担保的公告,http://static.cninfo.com.cn/finalpage/2018-03-10/1204467852.PDF
关于控股股东股份质押的公告,http://static.cninfo.com.cn/finalpage/2018-03-07/1204456038.PDF
关于股东股份解除质押及质押的公告,http://static.cninfo.com.cn/finalpage/2018-02-10/1204408242.PDF
关于控股股东股份解除质押的公告,http://static.cninfo.com.cn/finalpage/2018-02-09/1204405838.PDF
关于投资建设滁州年产5GW单晶组件项目的公告,http://static.cninfo.com.cn/finalpage/2018-02-06/1204393551.PDF
关于扩大印度投资项目建设规模的公告,http://static.cninfo.com.cn/finalpage/2018-02-06/1204393550.PDF
关于签订重大采购合同的公告,http://static.cninfo.com.cn/finalpage/2018-02-06/1204393549.PDF
关于控股股东及其一致行动人减持公司可转换公司债券的公告,http://static.cninfo.com.cn/finalpage/2018-01-31/1204375510.PDF
关于股东股份解除质押的公告,http://static.cninfo.com.cn/finalpage/2018-01-24/1204356898.PDF
关于单晶硅片业务三年（2018-2020）战略规划,http://static.cninfo.com.cn/finalpage/2018-01-20/1204347792.PDF
关于2018年度使用自有资金进行委托理财的公告,http://static.cninfo.com.cn/finalpage/2018-01-20/1204347791.PDF
关于2018年新增担保额度预计及授权的公告,http://static.cninfo.com.cn/finalpage/2018-01-20/1204347790.PDF
关于为全资子公司提供担保的公告,http://static.cninfo.com.cn/finalpage/2018-01-20/1204347789.PDF
关于预计2018年日常关联交易的公告,http://static.cninfo.com.cn/finalpage/2018-01-20/1204347788.PDF
关于变更注册资本并修订《公司章程》部分条款的公告,http://static.cninfo.com.cn/finalpage/2018-01-20/1204347785.PDF
关于全资子公司光伏发电项目获得备案的公告,http://static.cninfo.com.cn/finalpage/2018-01-10/1204316854.PDF
关于全资子公司与滁州经开区管委会签订项目投资协议的公告,http://static.cninfo.com.cn/finalpage/2018-01-05/1204304608.PDF
关于为全资子公司提供担保的公告,http://static.cninfo.com.cn/finalpage/2017-12-22/1204246413.PDF
关于控股股东股份解除质押的公告,http://static.cninfo.com.cn/finalpage/2017-12-08/1204199530.PDF
关于新增借款情况的公告,http://static.cninfo.com.cn/finalpage/2017-12-07/1204196810.PDF
关于部分募集资金投资项目结项并将结余募集资金永久补充流动资金公告的更正公告,http://static.cninfo.com.cn/finalpage/2017-12-06/1204194421.PDF
关于使用银行承兑汇票支付募投项目款项并以募集资金等额置换的公告,http://static.cninfo.com.cn/finalpage/2017-12-05/1204191699.PDF
关于部分募集资金投资项目结项并将结余募集资金永久补充流动资金的公告,http://static.cninfo.com.cn/finalpage/2017-12-05/1204191695.PDF
关于签订募集资金专户四方监管协议的公告,http://static.cninfo.com.cn/finalpage/2017-11-25/1204165778.PDF
关于变更会计政策的公告,http://static.cninfo.com.cn/finalpage/2017-11-25/1204165777.PDF
关于为全资子公司提供担保的公告,http://static.cninfo.com.cn/finalpage/2017-11-25/1204165776.PDF
关于以募集资金置换预先已投入募投项目自有资金的公告,http://static.cninfo.com.cn/finalpage/2017-11-25/1204165772.PDF
关于向子公司增资的公告,http://static.cninfo.com.cn/finalpage/2017-11-14/1204137334.PDF
关于以募集资金置换预先已投入募投项目自有资金的公告,http://static.cninfo.com.cn/finalpage/2017-11-25/1204165772.PDF
关于向子公司增资的公告,http://static.cninfo.com.cn/finalpage/2017-11-14/1204137334.PDF
关于签订募集资金专户三方监管协议的公告,http://static.cninfo.com.cn/finalpage/2017-11-11/1204131590.PDF
关于控股股东股份解除质押的公告,http://static.cninfo.com.cn/finalpage/2017-11-07/1204116725.PDF
公开发行可转换公司债券发行提示性公告,http://static.cninfo.com.cn/finalpage/2017-11-02/1204106359.PDF
关于为全资子公司提供担保的公告,http://static.cninfo.com.cn/finalpage/2017-10-20/1204053788.PDF
关于股东股份质押的公告,http://static.cninfo.com.cn/finalpage/2017-10-11/1204023993.PDF
关于控股股东股份质押的公告,http://static.cninfo.com.cn/finalpage/2017-09-29/1204012576.PDF
关于为全资子公司提供担保的公告,http://static.cninfo.com.cn/finalpage/2017-09-29/1204012575.PDF
关于使用暂时闲置的募集资金进行现金管理的公告,http://static.cninfo.com.cn/finalpage/2017-09-13/1203965954.PDF
2017年半年度募集资金存放与使用情况专项报告,http://static.cninfo.com.cn/finalpage/2017-08-30/1203894560.PDF
关于为全资子公司提供担保的公告,http://static.cninfo.com.cn/finalpage/2017-08-23/1203847019.PDF
关于控股股东股份解除质押的公告,http://static.cninfo.com.cn/finalpage/2017-08-04/1203759050.PDF
关于控股股东股份解除质押的公告,http://static.cninfo.com.cn/finalpage/2017-07-28/1203740063.PDF
关于控股股东股份质押相关事项的公告,http://static.cninfo.com.cn/finalpage/2017-07-21/1203722177.PDF
关于为全资子公司提供担保的补充公告,http://static.cninfo.com.cn/finalpage/2017-07-21/1203722173.PDF
关于为全资子公司提供担保的公告,http://static.cninfo.com.cn/finalpage/2017-07-19/1203712510.PDF
关于为全资子公司提供担保的公告,http://static.cninfo.com.cn/finalpage/2017-07-13/1203699692.PDF
关于使用暂时闲置的募集资金进行现金管理的公告,http://static.cninfo.com.cn/finalpage/2017-07-13/1203699691.PDF
关于部分闲置募集资金暂时补充流动资金到期还款的公告,http://static.cninfo.com.cn/finalpage/2017-07-12/1203693848.PDF
关于《请做好相关项目发审委会议准备工作的函》相关问题的回复,http://static.cninfo.com.cn/finalpage/2017-07-07/1203686333.PDF
关于《请做好相关项目发审委会议准备工作的函》相关问题回复的公告,http://static.cninfo.com.cn/finalpage/2017-07-07/1203686332.PDF
关于新增借款情况的公告,http://static.cninfo.com.cn/finalpage/2017-07-07/1203686330.PDF
关于全资子公司200MW光伏发电项目并网的公告,http://static.cninfo.com.cn/finalpage/2017-07-04/1203677048.PDF
关于为全资子公司提供担保的公告,http://static.cninfo.com.cn/finalpage/2017-06-30/1203663309.PDF
关于完成工商变更登记的公告,http://static.cninfo.com.cn/finalpage/2017-06-17/1203624609.PDF
关于控股股东股份质押及解质的公告,http://static.cninfo.com.cn/finalpage/2017-06-16/1203617407.PDF
关于为全资子公司提供担保的公告,http://static.cninfo.com.cn/finalpage/2017-06-09/1203602318.PDF
关于控股股东股份质押部分解除的公告,http://static.cninfo.com.cn/finalpage/2017-06-06/1203590761.PDF
关于收到《中国证监会行政许可项目审查反馈意见通知书》的公告,http://static.cninfo.com.cn/finalpage/2017-05-24/1203559565.PDF
关于控股股东股份质押延期购回的公告,http://static.cninfo.com.cn/finalpage/2017-05-16/1203520363.PDF
关于2017年新增担保额度预计及授权的公告,http://static.cninfo.com.cn/finalpage/2017-04-28/1203420269.PDF
关于为全资子公司提供担保的公告,http://static.cninfo.com.cn/finalpage/2017-04-18/1203316376.PDF
关于子公司投资建设喊叫水200MW光伏发电项目的公告,http://static.cninfo.com.cn/finalpage/2017-04-18/1203316375.PDF
关于为全资子公司提供担保的公告,http://static.cninfo.com.cn/finalpage/2017-04-01/1203245123.PDF
关于使用部分闲置募集资金暂时补充流动资金的公告,http://static.cninfo.com.cn/finalpage/2017-04-01/1203245122.PDF
关于2016年度网络业绩说明会预告的公告,http://static.cninfo.com.cn/finalpage/2017-03-18/1203172555.PDF
关于变更会计政策的公告,http://static.cninfo.com.cn/finalpage/2017-03-11/1203150591.PDF
关于为全资子公司提供担保的公告,http://static.cninfo.com.cn/finalpage/2017-03-11/1203150590.PDF
关于变更注册资本并修订章程的公告,http://static.cninfo.com.cn/finalpage/2017-03-11/1203150588.PDF
2016年度审计委员会履职报告,http://static.cninfo.com.cn/finalpage/2017-03-11/1203150587.PDF
关于投资建设楚雄年产10GW单晶硅片项目的公告,http://static.cninfo.com.cn/finalpage/2017-03-11/1203150585.PDF
2016年度募集资金存放与使用情况专项报告,http://static.cninfo.com.cn/finalpage/2017-03-11/1203150584.PDF
2016年度内部控制评价报告,http://static.cninfo.com.cn/finalpage/2017-03-11/1203150581.PDF
监事会关于2016年年度会议相关事项的意见,http://static.cninfo.com.cn/finalpage/2017-03-11/1203150573.PDF
关于公司名称完成工商变更登记的公告,http://static.cninfo.com.cn/finalpage/2017-02-23/1203100221.PDF
关于完成工商变更登记的公告,http://static.cninfo.com.cn/finalpage/2017-02-16/1203085490.PDF
关于全资子公司200MW光伏发电项目获得备案的公告,http://static.cninfo.com.cn/finalpage/2017-01-25/1203050235.PDF
未来三年分红回报规划（2017年-2019年）,http://static.cninfo.com.cn/finalpage/2017-01-24/1203045643.PDF
关于前次募集资金使用情况的报告,http://static.cninfo.com.cn/finalpage/2017-01-24/1203045640.PDF
A股可转换公司债券持有人会议规则,http://static.cninfo.com.cn/finalpage/2017-01-24/1203045636.PDF
关于公开发行可转换公司债券募集资金运用的可行性分析报告,http://static.cninfo.com.cn/finalpage/2017-01-24/1203045633.PDF
关于认购投资基金份额的进展公告,http://static.cninfo.com.cn/finalpage/2017-01-19/1203025905.PDF
关于控股股东股份质押的公告,http://static.cninfo.com.cn/finalpage/2017-01-19/1203025901.PDF
关于变更公司名称及修订《公司章程》的公告,http://static.cninfo.com.cn/finalpage/2017-01-14/1203014133.PDF
关于为全资子公司提供担保的公告,http://static.cninfo.com.cn/finalpage/2017-01-14/1203014132.PDF
关于云南丽江单晶硅棒项目进展暨签订合资协议的公告,http://static.cninfo.com.cn/finalpage/2017-01-05/1202990885.PDF
关于为全资子公司提供担保的公告,http://static.cninfo.com.cn/finalpage/2017-01-05/1202990883.PDF
关于变更注册资本并修订《公司章程》部分条款的公告,http://static.cninfo.com.cn/finalpage/2017-01-05/1202990881.PDF
关于2017年度使用自有资金进行委托理财的公告,http://static.cninfo.com.cn/finalpage/2017-01-05/1202990880.PDF
关于预计2017年日常关联交易的公告,http://static.cninfo.com.cn/finalpage/2017-01-05/1202990879.PDF
关于签订组件销售框架合同的公告,http://static.cninfo.com.cn/finalpage/2016-12-28/1202968611.PDF
关于新增借款情况的公告,http://static.cninfo.com.cn/finalpage/2016-12-27/1202958189.PDF
关于股东股份解除质押及质押的公告,http://static.cninfo.com.cn/finalpage/2016-12-16/1202877810.PDF
关于为全资子公司提供担保的公告,http://static.cninfo.com.cn/finalpage/2016-12-13/1202870154.PDF
关于与云南省楚雄州签订项目投资协议的公告,http://static.cninfo.com.cn/finalpage/2016-12-03/1202855518.PDF
关于投资基金向公司子公司增资的公告,http://static.cninfo.com.cn/finalpage/2016-12-03/1202855517.PDF
关于认购投资基金份额的公告,http://static.cninfo.com.cn/finalpage/2016-12-03/1202855516.PDF
关于完成工商变更登记的公告,http://static.cninfo.com.cn/finalpage/2016-11-29/1202846531.PDF
关于向全资子公司增资的公告,http://static.cninfo.com.cn/finalpage/2016-11-09/1202820075.PDF
关于控股股东股份质押的公告,http://static.cninfo.com.cn/finalpage/2016-11-05/1202815681.PDF
关于办公地址及公司网址变更的公告,http://static.cninfo.com.cn/finalpage/2016-11-05/1202815680.PDF
关于变更宁夏隆基800MW单晶硅棒募集资金投资项目的公告,http://static.cninfo.com.cn/finalpage/2016-10-29/1202805486.PDF
关于为全资子公司提供担保的公告,http://static.cninfo.com.cn/finalpage/2016-10-29/1202805485.PDF
关于投资建设云南单晶硅棒项目的公告,http://static.cninfo.com.cn/finalpage/2016-10-29/1202805484.PDF
关于使用银行承兑汇票支付募投项目款项并以募集资金等额置换的公告,http://static.cninfo.com.cn/finalpage/2016-10-29/1202805482.PDF
关于以募集资金置换预先已投入募投项目自有资金的公告,http://static.cninfo.com.cn/finalpage/2016-10-29/1202805480.PDF
关于签订募集资金专户存储四方监管协议的公告,http://static.cninfo.com.cn/finalpage/2016-10-20/1202769760.PDF
关于与云南省保山市签订项目投资协议的公告,http://static.cninfo.com.cn/finalpage/2016-10-01/1202741540.PDF
关于完成工商变更登记的公告,http://static.cninfo.com.cn/finalpage/2016-09-29/1202735067.PDF
关于独立董事公开征集投票权的公告,http://static.cninfo.com.cn/finalpage/2016-09-29/1202735063.PDF
关于为全资子公司提供担保的公告,http://static.cninfo.com.cn/finalpage/2016-09-29/1202735062.PDF
重大事项临时停牌公告,http://static.cninfo.com.cn/finalpage/2016-09-28/1202732289.PDF
关于使用暂时闲置的募集资金进行现金管理暨实施的公告,http://static.cninfo.com.cn/finalpage/2016-09-14/1202699236.PDF
关于签订募集资金专户存储三方监管协议的公告,http://static.cninfo.com.cn/finalpage/2016-09-14/1202699233.PDF
关于中标中广核太阳能组件采购项目的公告,http://static.cninfo.com.cn/finalpage/2016-09-14/1202699232.PDF
关于部分闲置募集资金暂时补充流动资金到期还款的公告,http://static.cninfo.com.cn/finalpage/2016-09-10/1202689968.PDF
关于股东股份解除质押及质押的公告,http://static.cninfo.com.cn/finalpage/2016-09-10/1202689966.PDF
重大合同公告,http://static.cninfo.com.cn/finalpage/2016-09-10/1202689965.PDF
关于向子公司增资的公告,http://static.cninfo.com.cn/finalpage/2016-09-06/1202676764.PDF
关于为全资子公司提供担保的公告,http://static.cninfo.com.cn/finalpage/2016-09-06/1202676763.PDF
关于中标广东粤电林光互补项目的公告,http://static.cninfo.com.cn/finalpage/2016-08-26/1202618092.PDF
关于新增2016年年度日常关联交易预计的公告,http://static.cninfo.com.cn/finalpage/2016-08-18/1202576020.PDF
关于子公司投资建设马来西亚古晋项目的公告,http://static.cninfo.com.cn/finalpage/2016-08-18/1202576019.PDF
关于部分募集资金投资项目结项并将结余募集资金永久补充流动资金的公告,http://static.cninfo.com.cn/finalpage/2016-08-18/1202576018.PDF
2016年半年度募集资金存放与使用情况专项报告,http://static.cninfo.com.cn/finalpage/2016-08-18/1202576017.PDF
为全资子公司提供担保的公告,http://static.cninfo.com.cn/finalpage/2016-07-27/1202505955.PDF
关于与云南省丽江市签订项目投资协议的公告,http://static.cninfo.com.cn/finalpage/2016-07-27/1202505948.PDF
关于控股股东股份解质及延期质押的公告,http://static.cninfo.com.cn/finalpage/2016-07-23/1202499799.PDF
关于控股股东股份解质及质押的公告,http://static.cninfo.com.cn/finalpage/2016-07-16/1202477463.PDF
关于控股股东质押股份的公告,http://static.cninfo.com.cn/finalpage/2016-07-14/1202469468.PDF
关于使用部分闲置募集资金暂时补充流动资金的公告,http://static.cninfo.com.cn/finalpage/2016-07-12/1202466303.PDF
关于变更证券事务代表的公告,http://static.cninfo.com.cn/finalpage/2016-07-12/1202466301.PDF
为子公司提供担保的公告,http://static.cninfo.com.cn/finalpage/2016-07-12/1202466298.PDF
关于使用暂时闲置的募集资金进行现金管理的公告,http://static.cninfo.com.cn/finalpage/2016-07-12/1202466296.PDF
关于部分闲置募集资金暂时补充流动资金到期还款的公告,http://static.cninfo.com.cn/finalpage/2016-07-06/1202452605.PDF
为全资子公司提供担保的公告,http://static.cninfo.com.cn/finalpage/2016-06-21/1202378315.PDF
关于控股股东质押股份的公告,http://static.cninfo.com.cn/finalpage/2016-06-18/1202374334.PDF
重大合同公告,http://static.cninfo.com.cn/finalpage/2016-06-09/1202363489.PDF
关于与云南省地级市及自治州政府签订投资意向协议的公告,http://static.cninfo.com.cn/finalpage/2016-06-08/1202361822.PDF
为全资子公司提供担保的公告,http://static.cninfo.com.cn/finalpage/2016-06-04/1202355752.PDF
对外投资公告,http://static.cninfo.com.cn/finalpage/2016-06-04/1202355746.PDF
关于控股股东股份解质的公告,http://static.cninfo.com.cn/finalpage/2016-05-28/1202342746.PDF
关于公司及子公司与中来股份签订战略合作协议的公告,http://static.cninfo.com.cn/finalpage/2016-05-25/1202337599.PDF
关于控股股东质押股份的公告,http://static.cninfo.com.cn/finalpage/2016-05-24/1202335032.PDF
关于控股股东股份解质及延期质押的公告,http://static.cninfo.com.cn/finalpage/2016-05-17/1202323457.PDF
关于子公司与西安经济技术开发区管委会签订战略合作协议的公告,http://static.cninfo.com.cn/finalpage/2016-05-13/1202318580.PDF
关于变更保荐代表人的公告,http://static.cninfo.com.cn/finalpage/2016-05-10/1202311890.PDF
为控股子公司提供担保的公告,http://static.cninfo.com.cn/finalpage/2016-04-25/1202236565.PDF
关于子公司与中国电建集团贵州工程公司签订战略合作协议的公告,http://static.cninfo.com.cn/finalpage/2016-04-11/1202160908.PDF
关于签订募集资金及偿债保障金三方监管协议的公告,http://static.cninfo.com.cn/finalpage/2016-03-30/1202099913.PDF
关于公司召开2015年度网络业绩说明会的公告,http://static.cninfo.com.cn/finalpage/2016-03-29/1202094842.PDF
日常关联交易公告,http://static.cninfo.com.cn/finalpage/2016-03-25/1202078377.PDF
第三届董事会2015年年度会议决议公告,http://static.cninfo.com.cn/finalpage/2016-03-25/1202078369.PDF
关于前次募集资金使用情况的报告,http://static.cninfo.com.cn/finalpage/2016-03-25/1202078368.PDF
为全资子公司提供担保的公告,http://static.cninfo.com.cn/finalpage/2016-03-25/1202078366.PDF
董事会审计委员会2015年度履职报告,http://static.cninfo.com.cn/finalpage/2016-03-25/1202078365.PDF
关于会计政策变更的公告,http://static.cninfo.com.cn/finalpage/2016-03-25/1202078362.PDF
2015年度募集资金存放与使用情况专项报告,http://static.cninfo.com.cn/finalpage/2016-03-25/1202078361.PDF
第三届监事会2015年年度会议决议公告,http://static.cninfo.com.cn/finalpage/2016-03-25/1202078360.PDF
2015年度内部控制评价报告,http://static.cninfo.com.cn/finalpage/2016-03-25/1202078348.PDF
重大合同补充公告,http://static.cninfo.com.cn/finalpage/2016-03-16/1202046102.PDF
为全资子公司提供担保的公告,http://static.cninfo.com.cn/finalpage/2016-03-15/1202043256.PDF
关于向子公司增资的公告,http://static.cninfo.com.cn/finalpage/2016-03-15/1202043253.PDF
重大合同公告,http://static.cninfo.com.cn/finalpage/2016-03-15/1202043250.PDF
关于与云南省政府签订战略合作框架协议的公告,http://static.cninfo.com.cn/finalpage/2016-03-12/1202039730.PDF
公开发行2016年公司债券（第一期）发行结果公告,http://static.cninfo.com.cn/finalpage/2016-03-10/1202034156.PDF
第三届董事会2016年第二次会议决议公告,http://static.cninfo.com.cn/finalpage/2016-03-02/1202010045.PDF
关于与新特能源签订战略合作框架协议的公告,http://static.cninfo.com.cn/finalpage/2016-03-01/1202007502.PDF
2016年第二次临时股东大会决议公告,http://static.cninfo.com.cn/finalpage/2016-02-24/1201993066.PDF
关于参与中广核2015年第七次光伏组件集中采购项目工作进展的公告,http://static.cninfo.com.cn/finalpage/2016-02-20/1201988519.PDF
重大合同公告,http://static.cninfo.com.cn/finalpage/2016-02-19/1201985730.PDF
关于控股股东股份解质的公告,http://static.cninfo.com.cn/finalpage/2016-02-17/1201982499.PDF
对外投资公告,http://static.cninfo.com.cn/finalpage/2016-01-27/1201944363.PDF
为全资子公司提供担保的公告,http://static.cninfo.com.cn/finalpage/2016-01-27/1201944347.PDF
关于中标中民新能光伏组件战略采购项目的公告,http://static.cninfo.com.cn/finalpage/2016-01-16/1201919206.PDF
关于签订重大战略合作协议暨取消停牌的公告,http://static.cninfo.com.cn/finalpage/2016-01-14/1201911214.PDF
关于与招商新能源签订战略合作协议的公告,http://static.cninfo.com.cn/finalpage/2016-01-14/1201911213.PDF
关于子公司与光伏组件客户签订战略合作协议的公告,http://static.cninfo.com.cn/finalpage/2016-01-14/1201911212.PDF
关于与林洋能源签订战略合作协议的公告,http://static.cninfo.com.cn/finalpage/2016-01-14/1201911211.PDF
关于子公司与光伏组件客户签订战略合作协议的公告,http://static.cninfo.com.cn/finalpage/2016-01-14/1201911212.PDF
关于与林洋能源签订战略合作协议的公告,http://static.cninfo.com.cn/finalpage/2016-01-14/1201911211.PDF
重大事项停牌公告,http://static.cninfo.com.cn/finalpage/2016-01-14/1201909796.PDF
关于子公司与吴起县人民政府签订项目框架协议的公告,http://static.cninfo.com.cn/finalpage/2016-01-13/1201907693.PDF
关于控股子公司蒲城40MW光伏电站项目并网运行的公告,http://static.cninfo.com.cn/finalpage/2016-01-01/1201882811.PDF
关于回购注销部分限制性股票通知债权人的公告,http://static.cninfo.com.cn/finalpage/2015-12-30/1201874375.PDF
关于向子公司增资的公告,http://static.cninfo.com.cn/finalpage/2015-12-30/1201874374.PDF
关于前次募集资金使用情况的报告,http://static.cninfo.com.cn/finalpage/2015-12-30/1201874372.PDF
为全资子公司提供担保的公告,http://static.cninfo.com.cn/finalpage/2015-12-30/1201874368.PDF
关于修订《公司章程》相关条款的公告,http://static.cninfo.com.cn/finalpage/2015-12-30/1201874367.PDF
复牌提示性公告,http://static.cninfo.com.cn/finalpage/2015-12-30/1201874365.PDF
关于子公司与嘉祥县人民政府签订项目投资合作协议的公告,http://static.cninfo.com.cn/finalpage/2015-12-26/1201863250.PDF
重大事项停牌公告,http://static.cninfo.com.cn/finalpage/2015-12-23/1201852145.PDF
监事会关于回购注销部分限制性股票及首次授予限制性股票第一次解锁的核查意见,http://static.cninfo.com.cn/finalpage/2015-12-22/1201850713.PDF
关于子公司与西安经济技术开发区管委会签订项目入区协议和项目投资合作协议的公告,http://static.cninfo.com.cn/finalpage/2015-12-18/1201843666.PDF
重大合同公告,http://static.cninfo.com.cn/finalpage/2015-12-18/1201843661.PDF
关于子公司与电阳国际签订框架合作协议的公告,http://static.cninfo.com.cn/finalpage/2015-12-11/1201827447.PDF
关于子公司与河南省舞阳县吴城镇人民政府签订项目投资框架协议的补充公告,http://static.cninfo.com.cn/finalpage/2015-12-10/1201825746.PDF
关于子公司与河南省舞阳县吴城镇人民政府签订项目投资框架协议的公告,http://static.cninfo.com.cn/finalpage/2015-12-09/1201820299.PDF
重大合同公告,http://static.cninfo.com.cn/finalpage/2015-12-08/1201812187.PDF
关于中标中民新能光伏组件战略采购项目的公告,http://static.cninfo.com.cn/finalpage/2015-12-05/1201808538.PDF
关于回购注销部分限制性股票的公告,http://static.cninfo.com.cn/finalpage/2015-12-02/1201802110.PDF
2015年第六次临时股东大会决议公告,http://static.cninfo.com.cn/finalpage/2015-12-01/1201799029.PDF
关于使用闲置募集资金进行现金管理的进展公告,http://static.cninfo.com.cn/finalpage/2015-11-26/1201788376.PDF
关于参与中民新能2015年第四次光伏组件战略采购项目工作进展的公告,http://static.cninfo.com.cn/finalpage/2015-11-25/1201786573.PDF
第三届董事会2015年第十七次会议决议公告,http://static.cninfo.com.cn/finalpage/2015-11-16/1201772699.PDF
为全资子公司提供担保的公告,http://static.cninfo.com.cn/finalpage/2015-11-16/1201772698.PDF
对外投资公告,http://static.cninfo.com.cn/finalpage/2015-11-12/1201765503.PDF
 对外投资公告,http://static.cninfo.com.cn/finalpage/2015-11-12/1201765501.PDF
关于副总经理辞职的公告,http://static.cninfo.com.cn/finalpage/2015-11-12/1201765500.PDF
为子公司提供担保的公告,http://static.cninfo.com.cn/finalpage/2015-11-12/1201765495.PDF
关于使用闲置募集资金进行现金管理的进展公告,http://static.cninfo.com.cn/finalpage/2015-11-05/1201753449.PDF
关于签订募集资金专户存储三方及四方监管协议的公告,http://static.cninfo.com.cn/finalpage/2015-11-03/1201748759.PDF
关于子公司与陕西省淳化县人民政府签订项目投资框架协议的公告,http://static.cninfo.com.cn/finalpage/2015-10-28/1201732874.PDF
重大合同公告,http://static.cninfo.com.cn/finalpage/2015-10-27/1201727411.PDF
债券发行预案公告,http://static.cninfo.com.cn/finalpage/2015-10-24/1201718924.PDF
重大合同公告,http://static.cninfo.com.cn/finalpage/2015-10-20/1201709109.PDF
2015年第四次临时股东大会决议公告,http://static.cninfo.com.cn/finalpage/2015-10-17/1201704138.PDF
控股股东及实际控制人关于公司股票价格异常波动的回函,http://static.cninfo.com.cn/finalpage/2015-10-15/1201695880.PDF
关于与美国杜邦公司签订战略合作协议的公告,http://static.cninfo.com.cn/finalpage/2015-10-13/1201685402.PDF
关于完成工商变更登记的公告,http://static.cninfo.com.cn/finalpage/2015-10-09/1201669119.PDF
关于会计估计变更的公告,http://static.cninfo.com.cn/finalpage/2015-09-30/1201656679.PDF
关于变更银川隆基2GW切片项目实施地点、实施主体及实施方式的公告,http://static.cninfo.com.cn/finalpage/2015-09-30/1201656678.PDF
第三届董事会2015年第十三次会议决议公告,http://static.cninfo.com.cn/finalpage/2015-09-30/1201656677.PDF
关于与河北省唐山市开平区人民政府签订战略合作协议的公告,http://static.cninfo.com.cn/finalpage/2015-09-29/1201649839.PDF
关于与印度安德拉邦政府签订项目投资协议的公告,http://static.cninfo.com.cn/finalpage/2015-09-25/1201634494.PDF
关于控股股东补充质押股份的公告,http://static.cninfo.com.cn/finalpage/2015-09-24/1201630542.PDF
关于子公司乐叶光伏与泰州市海陵区政府签订项目投资合同的公告,http://static.cninfo.com.cn/finalpage/2015-09-17/1201603418.PDF
第三届监事会第十次临时会议决议公告,http://static.cninfo.com.cn/finalpage/2015-09-15/1201592496.PDF
为全资子公司提供担保的公告,http://static.cninfo.com.cn/finalpage/2015-09-15/1201592495.PDF
关于使用部分闲置募集资金暂时补充流动资金的公告,http://static.cninfo.com.cn/finalpage/2015-09-15/1201592494.PDF
第三届董事会2015年第十二次会议决议公告,http://static.cninfo.com.cn/finalpage/2015-09-15/1201592493.PDF
关于与银川经济技术开发区管理委员会签订项目投资合同的公告,http://static.cninfo.com.cn/finalpage/2015-09-09/1201568738.PDF
关于中标中广核光伏组件集中采购项目的公告,http://static.cninfo.com.cn/finalpage/2015-09-08/1201562297.PDF
关于控股股东股份质押及解质的公告,http://static.cninfo.com.cn/finalpage/2015-09-02/1201538498.PDF
关于控股股东股份质押及解质的公告,http://static.cninfo.com.cn/finalpage/2015-08-22/1201475779.PDF
为控股子公司提供担保的公告,http://static.cninfo.com.cn/finalpage/2015-08-22/1201475777.PDF
第三届董事会2015年第十次会议决议公告,http://static.cninfo.com.cn/finalpage/2015-08-22/1201475776.PDF
关于中标中民新能光伏组件战略采购项目的公告,http://static.cninfo.com.cn/finalpage/2015-07-24/1201337746.PDF
重大合同公告,http://static.cninfo.com.cn/finalpage/2015-07-17/1201304351.PDF
关于向控股子公司提供委托贷款的公告,http://static.cninfo.com.cn/finalpage/2015-07-16/1201298999.PDF
关于以募集资金置换预先已投入募投项目自有资金的公告,http://static.cninfo.com.cn/finalpage/2015-07-16/1201298998.PDF
关于使用部分闲置募集资金暂时补充流动资金的公告,http://static.cninfo.com.cn/finalpage/2015-07-16/1201298997.PDF
关于中标北控光伏组件采购项目的公告,http://static.cninfo.com.cn/finalpage/2015-07-16/1201298994.PDF
关于使用闲置募集资金进行现金管理的进展公告,http://static.cninfo.com.cn/finalpage/2015-07-16/1201298993.PDF
关于控股股东质押股份的公告,http://static.cninfo.com.cn/finalpage/2015-07-14/1201286449.PDF
关于维护公司股价稳定的公告,http://static.cninfo.com.cn/finalpage/2015-07-11/1201274424.PDF
关于使用闲置募集资金进行现金管理的进展公告,http://static.cninfo.com.cn/finalpage/2015-07-10/1201268502.PDF
对外投资进展公告,http://static.cninfo.com.cn/finalpage/2015-07-10/1201268501.PDF
关于签订募集资金专户存储四方监管协议的公告,http://static.cninfo.com.cn/finalpage/2015-07-09/1201262336.PDF
关于部分董事及高级管理人员增持公司股份的公告,http://static.cninfo.com.cn/finalpage/2015-07-09/1201262335.PDF
关于控股股东增持股份的公告,http://static.cninfo.com.cn/finalpage/2015-07-08/1201253268.PDF
关于修订《公司章程》相关条款的公告,http://static.cninfo.com.cn/finalpage/2015-07-07/1201249798.PDF
对外投资公告,http://static.cninfo.com.cn/finalpage/2015-07-07/1201249797.PDF
关于使用暂时闲置的募集资金进行现金管理的公告,http://static.cninfo.com.cn/finalpage/2015-07-07/1201249795.PDF
为参股公司提供担保的公告,http://static.cninfo.com.cn/finalpage/2015-07-07/1201249794.PDF
关于向子公司增资的公告,http://static.cninfo.com.cn/finalpage/2015-07-07/1201249793.PDF
关于签订募集资金专户存储三方监管协议的公告,http://static.cninfo.com.cn/finalpage/2015-07-01/1201219020.PDF
关于控股股东股份解质的公告,http://static.cninfo.com.cn/finalpage/2015-06-27/1201201156.PDF
2015年第一次临时股东大会决议公告,http://static.cninfo.com.cn/finalpage/2015-06-20/1201175324.PDF
关于与英利公司签署战略合作协议的公告,http://static.cninfo.com.cn/finalpage/2015-06-18/1201164018.PDF
关于与西藏自治区昌都市发改委签订光伏发电项目投资合作协议的公告,http://static.cninfo.com.cn/finalpage/2015-06-18/1201164017.PDF
重大合同公告,http://static.cninfo.com.cn/finalpage/2015-06-05/1201107155.PDF
为全资子公司提供担保的公告,http://static.cninfo.com.cn/finalpage/2015-06-03/1201094829.PDF
关于使用结余募集资金的公告,http://static.cninfo.com.cn/finalpage/2015-06-03/1201094828.PDF
对外投资公告,http://static.cninfo.com.cn/finalpage/2015-06-03/1201094827.PDF
关于控股股东股份质押的公告,http://static.cninfo.com.cn/finalpage/2015-05-28/1201072441.PDF
关于与山东省枣庄市山亭区签署单晶光伏农业扶贫发电项目投资合作意向协议的公告,http://static.cninfo.com.cn/finalpage/2015-05-27/1201066449.PDF
关于控股股东股份解质的公告,http://static.cninfo.com.cn/finalpage/2015-05-16/1201020092.PDF
关于控股股东股份质押的公告,http://static.cninfo.com.cn/finalpage/2015-05-14/1201010022.PDF
关于实施2014年度利润分配方案后调整非公开发行股票发行底价和发行数量的公告,http://static.cninfo.com.cn/finalpage/2015-05-08/1200978839.PDF
关于控股子公司蒲城40MW光伏电站项目获得备案的公告,http://static.cninfo.com.cn/finalpage/2015-05-06/1200967226.PDF
关于中标中民新能光伏组件战略采购项目的公告,http://static.cninfo.com.cn/finalpage/2015-04-29/1200932221.PDF
关于与通威集团签署战略合作协议的公告,http://static.cninfo.com.cn/finalpage/2015-04-29/1200932220.PDF
关于与通威太阳能签订资产租赁合同的公告,http://static.cninfo.com.cn/finalpage/2015-04-22/1200881610.PDF
第三届董事会2015年第四次会议决议公告,http://static.cninfo.com.cn/finalpage/2015-04-22/1200881609.PDF
控股股东及实际控制人关于公司股票价格异常波动的回函,http://static.cninfo.com.cn/finalpage/2015-04-03/1200785012.PDF
控股股东和实际控制人关于公司股票价格异常波动的回函,http://static.cninfo.com.cn/finalpage/2015-03-24/1200733176.PDF
关于与特变电工签署战略合作协议的公告,http://static.cninfo.com.cn/finalpage/2015-03-10/1200683620.PDF
关于召开2014年度利润分配及现金分红说明会预告,http://static.cninfo.com.cn/finalpage/2015-03-06/1200673936.PDF
董事会审计委员会2014年度履职报告,http://static.cninfo.com.cn/finalpage/2015-02-17/1200646089.PDF
监事会关于2014年度利润分配预案的审核意见暨会计政策变更的说明,http://static.cninfo.com.cn/finalpage/2015-02-17/1200646084.PDF
董事会关于2014年会计政策变更的专项说明,http://static.cninfo.com.cn/finalpage/2015-02-17/1200646083.PDF
2014年度内部控制评价报告,http://static.cninfo.com.cn/finalpage/2015-02-17/1200646082.PDF
独立董事关于对外担保情况的专项说明,http://static.cninfo.com.cn/finalpage/2015-02-17/1200646078.PDF
为控股子公司提供担保的公告,http://static.cninfo.com.cn/finalpage/2015-02-17/1200646073.PDF
2014年年度募集资金存放与使用情况专项报告,http://static.cninfo.com.cn/finalpage/2015-02-17/1200646072.PDF
关于控股股东股份质押及解质的公告,http://static.cninfo.com.cn/finalpage/2015-02-17/1200646070.PDF
关于与华为技术有限公司签署合作备忘录的公告,http://static.cninfo.com.cn/finalpage/2015-02-04/1200606910.PDF
关于前次募集资金使用情况的报告,http://static.cninfo.com.cn/finalpage/2015-02-03/1200604412.PDF
关于与陕西省渭南市蒲城县人民政府签订光伏发电项目投资合作协议的公告,http://static.cninfo.com.cn/finalpage/2015-01-30/1200590893.PDF
关于设立乐叶光伏科技有限公司的公告,http://static.cninfo.com.cn/finalpage/2015-01-28/1200583786.PDF
关于变更向子公司增资方案的公告,http://static.cninfo.com.cn/finalpage/2015-01-28/1200583785.PDF
第三届董事会2015年第二次会议决议公告（通讯表决）,http://static.cninfo.com.cn/finalpage/2015-01-28/1200583784.PDF
关于本次非公开发行股票募投项目的风险提示公告,http://static.cninfo.com.cn/finalpage/2015-01-24/1200574553.PDF
关于修订《公司章程》相关条款的公告,http://static.cninfo.com.cn/finalpage/2015-01-24/1200574552.PDF
日常关联交易公告,http://static.cninfo.com.cn/finalpage/2015-01-24/1200574551.PDF
关于前次募集资金使用情况的报告,http://static.cninfo.com.cn/finalpage/2015-01-24/1200574550.PDF
第三届董事会2015年第一次会议决议公告,http://static.cninfo.com.cn/finalpage/2015-01-24/1200574549.PDF
关于与衢州绿色产业集聚区管理委员会签署投资框架协议的公告,http://static.cninfo.com.cn/finalpage/2014-12-24/1200488176.PDF
第三届董事会2015年第一次会议决议公告,http://static.cninfo.com.cn/finalpage/2015-01-24/1200574549.PDF
关于与衢州绿色产业集聚区管理委员会签署投资框架协议的公告,http://static.cninfo.com.cn/finalpage/2014-12-24/1200488176.PDF
为全资子公司提供担保的公告,http://static.cninfo.com.cn/finalpage/2014-12-18/1200473896.PDF
关于最近五年被证券监管部门和交易所处罚或采取监管措施及整改情况的公告,http://static.cninfo.com.cn/finalpage/2014-12-03/1200435621.PDF
关于非公开发行股票摊薄即期回报的风险提示及公司采取措施的公告,http://static.cninfo.com.cn/finalpage/2014-12-03/1200435620.PDF
关于非公开发行股票预案补充风险提示公告,http://static.cninfo.com.cn/finalpage/2014-12-03/1200435619.PDF
独立董事候选人声明,http://static.cninfo.com.cn/finalpage/2014-11-26/1200417282.PDF
独立董事提名人声明,http://static.cninfo.com.cn/finalpage/2014-11-26/1200417281.PDF
关于独立董事公开征集投票权的公告,http://static.cninfo.com.cn/finalpage/2014-11-26/1200417280.PDF
关于副总经理辞职的公告,http://static.cninfo.com.cn/finalpage/2014-11-26/1200417277.PDF
关于独立董事辞职的公告,http://static.cninfo.com.cn/finalpage/2014-11-21/1200406055.PDF
2014年第三次临时股东大会决议公告,http://static.cninfo.com.cn/finalpage/2014-11-19/1200401323.PDF
第三届董事会2014年第九次会议决议公告（通讯表决）,http://static.cninfo.com.cn/finalpage/2014-11-13/1200388257.PDF
复牌提示性公告,http://static.cninfo.com.cn/finalpage/2014-10-23/1200320822.PDF
关于收购乐叶公司股权的公告,http://static.cninfo.com.cn/finalpage/2014-10-23/1200320820.PDF
关联交易公告,http://static.cninfo.com.cn/finalpage/2014-10-23/1200320819.PDF
为全资子公司提供担保的公告,http://static.cninfo.com.cn/finalpage/2014-10-23/1200320818.PDF
重大事项停牌公告,http://static.cninfo.com.cn/finalpage/2014-10-22/1200317589.PDF
关于参股公司Silevo重大事项进展的公告,http://static.cninfo.com.cn/finalpage/2014-10-14/1200296074.PDF
第三届董事会2014年第六次会议决议公告,http://static.cninfo.com.cn/finalpage/2014-09-18/1200244177.PDF
关于控股股东股份质押及解质的公告,http://static.cninfo.com.cn/finalpage/2014-09-04/1200201741.PDF
关联交易公告,http://static.cninfo.com.cn/finalpage/2014-08-30/1200189148.PDF
2014年半年度募集资金存放与使用情况专项报告,http://static.cninfo.com.cn/finalpage/2014-08-30/1200189147.PDF
关于法定代表人代行董事会秘书职责的公告,http://static.cninfo.com.cn/finalpage/2014-08-16/1200132132.PDF
第三届董事会2014年第四次会议决议公告（通讯表决）,http://static.cninfo.com.cn/finalpage/2014-08-07/1200103517.PDF
关于部分闲置募集资金暂时补充流动资金到期还款的公告,http://static.cninfo.com.cn/finalpage/2014-08-07/1200103516.PDF
关于职工代表大会选举职工监事的公告,http://static.cninfo.com.cn/finalpage/2014-07-21/1200066199.PDF
关于子公司太阳能光伏发电项目的进展公告,http://static.cninfo.com.cn/finalpage/2014-07-18/1200060928.PDF
关于使用节余募集资金的公告,http://static.cninfo.com.cn/finalpage/2014-07-16/1200056298.PDF
关于前次募集资金使用情况的报告,http://static.cninfo.com.cn/finalpage/2014-07-16/1200056296.PDF
第三届董事会2014年第三次会议决议公告,http://static.cninfo.com.cn/finalpage/2014-07-16/1200056295.PDF
关于西安隆基硅材料股份有限公司前次募集资金使用情况的鉴证报告,http://static.cninfo.com.cn/finalpage/2014-07-01/1200022050.PDF
未来三年分红回报规划（2014-2016）,http://static.cninfo.com.cn/finalpage/2014-07-01/1200022049.PDF
复牌提示性公告,http://static.cninfo.com.cn/finalpage/2014-07-01/1200022047.PDF
第三届监事会第二次临时会议决议公告,http://static.cninfo.com.cn/finalpage/2014-07-01/1200022046.PDF
关于前次募集资金使用情况的报告,http://static.cninfo.com.cn/finalpage/2014-07-01/1200022045.PDF
公告,http://static.cninfo.com.cn/finalpage/2014-06-25/cninfo1200005509.js
关于重大事项继续停牌公告,http://static.cninfo.com.cn/finalpage/2014-06-25/1200004450.PDF
重大事项停牌公告,http://static.cninfo.com.cn/finalpage/2014-06-19/64151579.PDF
关于参股公司Silevo重大事项的公告,http://static.cninfo.com.cn/finalpage/2014-06-19/64151578.PDF
第三届监事会第一次临时会议决议公告,http://static.cninfo.com.cn/finalpage/2014-06-17/64140494.PDF
关于修订《公司章程》相关条款的公告,http://static.cninfo.com.cn/finalpage/2014-06-17/64140493.PDF
第三届董事会2014年第一次会议决议公告,http://static.cninfo.com.cn/finalpage/2014-06-17/64140492.PDF
关联交易公告,http://static.cninfo.com.cn/finalpage/2014-05-27/64068635.PDF
第二届董事会2014年第六次会议决议公告,http://static.cninfo.com.cn/finalpage/2014-05-17/64034925.PDF
关于董事会秘书辞职的公告,http://static.cninfo.com.cn/finalpage/2014-05-17/64034924.PDF
关于控股股东质押股份的公告,http://static.cninfo.com.cn/finalpage/2014-05-15/64025665.PDF
第二届监事会第十四次临时会议决议公告,http://static.cninfo.com.cn/finalpage/2014-05-13/64016897.PDF
关于变更银川隆基500MW募集资金投资项目的公告,http://static.cninfo.com.cn/finalpage/2014-04-30/63953648.PDF
2013年年度募集资金存放与使用情况专项报告,http://static.cninfo.com.cn/finalpage/2014-04-30/63953646.PDF
审计委员会2013年度履职情况报告,http://static.cninfo.com.cn/finalpage/2014-04-30/63953657.PDF
为全资子公司提供担保的公告,http://static.cninfo.com.cn/finalpage/2014-04-30/63953647.PDF
2013年度内部控制评价报告,http://static.cninfo.com.cn/finalpage/2014-04-30/63953655.PDF
关于部分闲置募集资金暂时补充流动资金到期还款的公告,http://static.cninfo.com.cn/finalpage/2014-04-16/63845795.PDF
关于使用部分闲置募集资金暂时补充流动资金的公告,http://static.cninfo.com.cn/finalpage/2014-04-15/63841138.PDF
关于收到中国证监会结案通知书的公告,http://static.cninfo.com.cn/finalpage/2014-04-09/63807493.PDF
关于董事辞职的公告,http://static.cninfo.com.cn/finalpage/2014-04-01/63763857.PDF
第二届监事会第十二次临时会议决议公告,http://static.cninfo.com.cn/finalpage/2014-03-27/63732413.PDF
关联交易公告,http://static.cninfo.com.cn/finalpage/2014-03-27/63732412.PDF
关于使用节余募集资金的公告,http://static.cninfo.com.cn/finalpage/2014-03-27/63732411.PDF
第二届董事会2014年第四次会议决议公告,http://static.cninfo.com.cn/finalpage/2014-03-27/63732410.PDF
关于控股股东质押股份的公告,http://static.cninfo.com.cn/finalpage/2014-03-13/63668920.PDF
关于修订《公司章程》相关条款的公告,http://static.cninfo.com.cn/finalpage/2014-03-04/63633086.PDF
为全资子公司提供担保的公告,http://static.cninfo.com.cn/finalpage/2014-03-04/63633085.PDF
第二届董事会2014年第三次会议决议公告,http://static.cninfo.com.cn/finalpage/2014-03-04/63633084.PDF
关于公司相关方承诺及履行情况的公告,http://static.cninfo.com.cn/finalpage/2014-02-14/63568957.PDF
关于控股股东向公司提供委托贷款暨关联交易的公告,http://static.cninfo.com.cn/finalpage/2014-01-30/63538130.PDF
关联交易公告,http://static.cninfo.com.cn/finalpage/2014-01-30/63538129.PDF
关于部分闲置募集资金暂时补充流动资金到期还款的公告,http://static.cninfo.com.cn/finalpage/2014-01-18/63497479.PDF
关于全资子公司注销的公告,http://static.cninfo.com.cn/finalpage/2014-01-11/63474268.PDF
关于终止对外投资重大事项暨复牌公告,http://static.cninfo.com.cn/finalpage/2014-01-11/63474267.PDF
为全资子公司提供担保的公告,http://static.cninfo.com.cn/finalpage/2014-01-11/63474266.PDF
关于无锡尚德债权回收的进展公告,http://static.cninfo.com.cn/finalpage/2014-01-01/63439832.PDF
关于子公司太阳能光伏发电项目的进展公告,http://static.cninfo.com.cn/finalpage/2014-01-01/63439831.PDF
关于重大事项继续停牌公告,http://static.cninfo.com.cn/finalpage/2013-12-24/63406251.PDF
推出新产品的公告,http://static.cninfo.com.cn/finalpage/2013-12-20/63394135.PDF
重大事项停牌公告,http://static.cninfo.com.cn/finalpage/2013-12-17/63383653.PDF
2013年第三次临时股东大会决议公告,http://static.cninfo.com.cn/finalpage/2013-11-21/63288106.PDF
关于控股股东质押股份的公告,http://static.cninfo.com.cn/finalpage/2013-11-16/63272677.PDF
关于无锡尚德债权回收的进展公告,http://static.cninfo.com.cn/finalpage/2013-11-14/63265480.PDF
关于控股股东向公司提供委托贷款暨关联交易的公告,http://static.cninfo.com.cn/finalpage/2013-11-12/63258607.PDF
第二届董事会2013年第九次会议决议公告,http://static.cninfo.com.cn/finalpage/2013-11-12/63258606.PDF
为全资子公司提供担保的公告,http://static.cninfo.com.cn/finalpage/2013-10-30/63213381.PDF
关联交易公告,http://static.cninfo.com.cn/finalpage/2013-10-30/63213382.PDF
第二届董事会2013年第八次会议决议公告,http://static.cninfo.com.cn/finalpage/2013-10-30/63213380.PDF
关于公司董事长李振国、总经理钟宝申被出具警示函的公告,http://static.cninfo.com.cn/finalpage/2013-10-18/63165964.PDF
关于无锡尚德债权回收的进展公告,http://static.cninfo.com.cn/finalpage/2013-09-04/63046695.PDF
关于部分闲置募集资金暂时补充流动资金到期还款的公告,http://static.cninfo.com.cn/finalpage/2013-08-23/62977986.PDF
第二届监事会第十一次临时会议决议公告,http://static.cninfo.com.cn/finalpage/2013-08-08/62916249.PDF
为全资子公司提供担保的公告,http://static.cninfo.com.cn/finalpage/2013-08-08/62916248.PDF
2013年半年度募集资金存放与使用情况的专项报告,http://static.cninfo.com.cn/finalpage/2013-08-08/62916245.PDF
关于变更2013年度审计机构的公告,http://static.cninfo.com.cn/finalpage/2013-08-08/62916244.PDF
第二届董事会2013年第六次会议决议公告,http://static.cninfo.com.cn/finalpage/2013-08-08/62916243.PDF
关于受让控股子公司股权的公告,http://static.cninfo.com.cn/finalpage/2013-07-27/62874382.PDF
第二届董事会2013年第五次会议决议公告（通讯表决）,http://static.cninfo.com.cn/finalpage/2013-07-27/62874381.PDF
第二届监事会第十次临时会议决议公告,http://static.cninfo.com.cn/finalpage/2013-06-19/62593798.PDF
关于监事辞职的公告,http://static.cninfo.com.cn/finalpage/2013-05-18/62502528.PDF
关于收到中国证监会立案稽查的公告,http://static.cninfo.com.cn/finalpage/2013-05-06/62462718.PDF
关于子公司与江苏顺风签署战略合作协议的公告,http://static.cninfo.com.cn/finalpage/2013-05-03/62452317.PDF
第二届监事会第九次临时会议决议公告,http://static.cninfo.com.cn/finalpage/2013-04-27/62441893.PDF
2012年年度募集资金存放与实际使用情况的专项报告,http://static.cninfo.com.cn/finalpage/2013-04-27/62441892.PDF
关于按期收回银行理财产品本金和收益的公告,http://static.cninfo.com.cn/finalpage/2013-04-18/62377051.PDF
关于使用部分闲置募集资金暂时补充流动资金的公告,http://static.cninfo.com.cn/finalpage/2013-04-18/62377049.PDF
2013年第二次临时股东大会决议公告,http://static.cninfo.com.cn/finalpage/2013-04-02/62313832.PDF
为全资子公司提供担保的公告,http://static.cninfo.com.cn/finalpage/2013-03-14/62211777.PDF
日常关联交易公告,http://static.cninfo.com.cn/finalpage/2013-03-14/62211776.PDF
2013年第一次临时股东大会决议公告,http://static.cninfo.com.cn/finalpage/2013-02-23/62145701.PDF
关于中国证监会对公司采取出具警示函措施的公告,http://static.cninfo.com.cn/finalpage/2013-01-29/62078912.PDF
关于使用暂时闲置募集资金购买低风险银行理财产品的公告,http://static.cninfo.com.cn/finalpage/2013-01-22/62050577.PDF
关于闲置募集资金使用的公告,http://static.cninfo.com.cn/finalpage/2013-01-22/62050576.PDF
第二届董事会2013年第一次会议决议公告,http://static.cninfo.com.cn/finalpage/2013-01-22/62050575.PDF
关于开展公司治理专项活动的整改报告,http://static.cninfo.com.cn/finalpage/2013-01-22/62050573.PDF
关于子公司收到重大项目建设扶持资金的公告,http://static.cninfo.com.cn/finalpage/2013-01-04/61979520.PDF
关于子公司技术中心被确认为自治区认定企业技术中心的公告,http://static.cninfo.com.cn/finalpage/2012-12-21/61933423.PDF
关于转让参股公司股权暨股权转让协议公告,http://static.cninfo.com.cn/finalpage/2012-12-11/61894015.PDF
第二届董事会2012年第八次会议决议公告,http://static.cninfo.com.cn/finalpage/2012-11-27/61839359.PDF
关于设立投资者接待日的公告,http://static.cninfo.com.cn/finalpage/2012-11-20/61816407.PDF
关于控股子公司50MW太阳能光伏发电项目的进展公告,http://static.cninfo.com.cn/finalpage/2012-11-20/61816406.PDF
关于完成工商变更登记的公告,http://static.cninfo.com.cn/finalpage/2012-11-09/61779247.PDF
关于控股子公司50MW太阳能光伏发电项目的进展公告,http://static.cninfo.com.cn/finalpage/2012-11-06/61763968.PDF
关于完成工商变更登记的公告,http://static.cninfo.com.cn/finalpage/2012-11-09/61779247.PDF
关于控股子公司50MW太阳能光伏发电项目的进展公告,http://static.cninfo.com.cn/finalpage/2012-11-06/61763968.PDF
关于公司及相关主体承诺履行情况的公告,http://static.cninfo.com.cn/finalpage/2012-10-31/61740350.PDF
关于董事辞职的公告,http://static.cninfo.com.cn/finalpage/2012-10-27/61721353.PDF
关于子公司与同心县人民政府签署框架协议的公告,http://static.cninfo.com.cn/finalpage/2012-09-21/61592824.PDF
关于控股子公司开发300MW太阳能光伏发电项目的进展公告,http://static.cninfo.com.cn/finalpage/2012-09-05/61533523.PDF
2012年第三次临时股东大会决议公告,http://static.cninfo.com.cn/finalpage/2012-08-31/61512688.PDF
关于加强上市公司治理专项活动的自查报告,http://static.cninfo.com.cn/finalpage/2012-08-30/61507032.PDF
2012年半年度募集资金存放与实际使用情况的专项报告,http://static.cninfo.com.cn/finalpage/2012-08-30/61507031.PDF
第二届监事会第六次临时会议决议公告,http://static.cninfo.com.cn/finalpage/2012-08-30/61507030.PDF
第二届董事会2012年第六次会议决议公告,http://static.cninfo.com.cn/finalpage/2012-08-30/61507029.PDF
2012年第二次临时股东大会决议公告,http://static.cninfo.com.cn/finalpage/2012-08-30/61507028.PDF
关于使用部分闲置募集资金暂时补充流动资金的公告,http://static.cninfo.com.cn/finalpage/2012-08-14/61415821.PDF
第二届董事会2012年第五次会议决议公告,http://static.cninfo.com.cn/finalpage/2012-08-14/61415819.PDF
第二届监事会第五次临时会议决议公告,http://static.cninfo.com.cn/finalpage/2012-08-14/61415820.PDF
关于贯彻落实现金分红政策征求投资者意见的公告,http://static.cninfo.com.cn/finalpage/2012-08-01/61353624.PDF
第二届监事会2012年第4次临时会议决议公告,http://static.cninfo.com.cn/finalpage/2012-08-01/61353622.PDF
内部控制规范实施工作方案,http://static.cninfo.com.cn/finalpage/2012-07-28/61335813.PDF
第二届董事会2012年第四次会议决议公告,http://static.cninfo.com.cn/finalpage/2012-07-28/61335812.PDF
2012年度内控规范阶段性工作报告,http://static.cninfo.com.cn/finalpage/2012-07-13/61262145.PDF
关于子公司与中宁县人民政府签署框架协议的公告,http://static.cninfo.com.cn/finalpage/2012-06-22/61170506.PDF
关于签署募集资金专户存储四方监管协议的公告,http://static.cninfo.com.cn/finalpage/2012-06-20/61159714.PDF
关于变更保荐代表人的公告,http://static.cninfo.com.cn/finalpage/2012-06-20/61159713.PDF
2012年第一次临时股东大会决议公告,http://static.cninfo.com.cn/finalpage/2012-06-19/61154417.PDF
第二届监事会第三次临时会议决议公告,http://static.cninfo.com.cn/finalpage/2012-06-01/61074699.PDF
关于使用超募资金永久补充流动资金的公告,http://static.cninfo.com.cn/finalpage/2012-06-01/61074700.PDF
2011年度股东大会决议公告,http://static.cninfo.com.cn/finalpage/2012-05-30/61063994.PDF
关于完成工商变更登记事宜的公告,http://static.cninfo.com.cn/finalpage/2012-05-10/60976603.PDF
公告,http://static.cninfo.com.cn/finalpage/2012-04-28/60934251.PDF
第二届监事会第二次临时会议决议公告,http://static.cninfo.com.cn/finalpage/2012-04-28/60934250.PDF
第二届董事会2011年年度董事会会议决议公告,http://static.cninfo.com.cn/finalpage/2012-04-28/60934249.PDF
